imdb_id,original_title,cn_titles,release_year,summary,genres,directors,scriptwriters,actors,length,douban_average_score,douban_star_rating,number_of_ratings,link
tt000001,凶器,凶器,2025,同一个晚上的同一个时间，同一个班级里的所有小孩，都神秘地失踪了，除了一个小孩。整个小镇都开始怀疑，究竟是谁或背后有什么原因，导致这些小孩都不见了？,剧情 / 悬疑 / 惊悚 / 恐怖,扎克·克雷格,扎克·克雷格,扎克·克雷格,128分钟,7.0,3.5,11820,https://www.douban.com/doubanapp/dispatch?uri=/movie/36221247
tt000002,小人物2,小人物2,2025,该片是环球动作片《小人物》的续集，讲述了哈奇在与俄罗斯黑帮交手4年后，很享受这份激烈的打斗“工作”，但他与家人关系日益疏远。于是，他决定带着家人去旅游小镇度假。然而，一次与小镇恶霸的冲突后，让全家人卷入了一场纷争之中的故事。,喜剧 / 动作 / 惊悚 / 犯罪,提莫·塔哈亚托,德里克·科尔斯塔德 / 艾伦·拉宾,提莫·塔哈亚托,89分钟,6.3,3.15,8942,https://www.douban.com/doubanapp/dispatch?uri=/movie/36176467
tt000003,天国与地狱,天国与地狱,2025,"当有权有势的音乐大亨（丹泽尔·华盛顿 饰）成为被勒索的对象，他被迫维护自己的家庭与丰功伟业，同时面对攸关生死的道德难题。
影片改编自黑泽明同名经典电影，原著是爱德华·伯恩斯的小说《King's Ransom》。",剧情 / 悬疑 / 惊悚 / 犯罪,斯派克·李,艾伦·福克斯,斯派克·李,133分钟,6.1,3.05,1913,https://www.douban.com/doubanapp/dispatch?uri=/movie/36770063
tt000004,不认识的女友,不认识的女友,2025,本片改编自法国电影《致我的陌生恋人》，讲述了大学时代互相一见钟情并结婚的神林陆（ 中岛健人 饰）和南（milet 饰）的故事。以小说家为目标的陆，在南的支持下，一下子成为人气畅销书作家。另一方面，喜欢唱歌的南没能实现歌手的梦想，和每天都忙于工作的陆交错的生活感到孤独。有一天，因为陆无心的一句话，2人大吵了一架。第二天早上，陆醒来后发现南的身影不见了，去出版社碰头会的时候遇到的人们和他完全谈不上话，他感到很困惑。本应是人气作家的自己，如今却成了文艺杂志的一名编辑部职员，街上到处都是与自己素不相识的天才创作歌手“前园南”的身影和歌曲。陆一边困惑，一边为了找回人生的全部而奔走。,爱情 / 奇幻,三木孝浩,登米裕一 / 福谷圭祐,三木孝浩,"",6.5,3.25,536,https://www.douban.com/doubanapp/dispatch?uri=/movie/36788576
tt000005,地球上的星星2,地球上的星星2,2025,该片是 阿米尔·汗2007年的电影《地球上的星星》的续集，改编自西班牙电影《篮球冠军》 (2018)，由阿米尔·汗主演。,剧情 / 喜剧 / 运动,R·S·普拉萨纳,迪芙亚·妮迪·沙玛,R·S·普拉萨纳,155分钟,6.5,3.25,403,https://www.douban.com/doubanapp/dispatch?uri=/movie/36913121
tt000006,周四推理俱乐部,周四推理俱乐部,2025,影片改编自理查德·奥斯曼的同名畅销小说，描述四位闲不下来的退休人士认真推敲谋杀悬案解闷，却碰上了真正的命案，侦探游戏突然变成惊悚现实，而他们还得找出凶手是谁。,喜剧 / 悬疑 / 惊悚 / 犯罪,克里斯·哥伦布,凯蒂·布兰德 / 苏珊·希思柯特 / 理查德·奥斯曼,克里斯·哥伦布,118分钟,6.8,3.4,9075,https://www.douban.com/doubanapp/dispatch?uri=/movie/36767890
tt000007,初吻,初吻,2025,"这也是坂元裕二原创的一个爱情故事。
故事关于结婚十五年的一对夫妻，丈夫在一场事故中去世。
而妻子与丈夫长期疏远，两人一直不是很不和睦。
如今，妻子正准备开始新的人生时，却获得了时光旅行的能力。
回到过去，她看到了丈夫与她相遇之前的模样。
看到年轻时的丈夫，她想，我果然是喜欢这个人的，再次与丈夫相遇的她再次坠入爱河。然后，她想，必须要救活在十五年后遇难的他……
“夫妻是什么？”
“家庭是什么？”
“和所爱之人共度一生是什么？”
每个人在生活中都会面临的、深奥而简单的问题。
这就是这部电影将讨论的主题。",爱情 / 奇幻,冢原亚由子,坂元裕二,冢原亚由子,124分钟,8.5,4.25,18486,https://www.douban.com/doubanapp/dispatch?uri=/movie/36894170
tt000008,同甘共苦,同甘共苦,2025,多年情侣蒂姆（戴夫·弗兰科 Dave Franco 饰）和米莉（爱丽森·布里 Alison Brie 饰）来到感情脆弱的关口，开始思考爱是……为了挽回渐淡的感情，决定抛开朋友和工作搬到陌生乡村展开全新二人世界。然而新生活未如理想，更卷入了当地一场超自然力量的恐怖漩涡。身体及意识渐渐变得不受控，当他们的心愈远，肉体却愈贴愈近，肌肤甚至开始无缝结合……电锯是否还给大家自由的唯一解救方法？但染血的爱又那可修补，莫问爱是分离！,爱情 / 恐怖,迈克尔·尚克斯,迈克尔·尚克斯,迈克尔·尚克斯,101分钟(中国大陆),6.9,3.45,18127,https://www.douban.com/doubanapp/dispatch?uri=/movie/36772728
tt000009,坏蛋联盟2,坏蛋联盟2,2025,大坏狼（山姆·洛克威尔 Sam Rockwell 配音）带领坏蛋联盟五人组欲意改邪归正，却遭“狂野姐妹”上线踢馆，面对再干一票的诱惑，是重操旧业还是反杀破局？,喜剧 / 动作 / 动画 / 悬疑 / 犯罪 / 冒险,皮埃尔·佩里费尔 / J·P·桑斯,尤尼·布伦纳 / 伊坦·柯亨 / 艾伦·布拉培,皮埃尔·佩里费尔 J·P·桑斯,104分钟,7.6,3.8,45765,https://www.douban.com/doubanapp/dispatch?uri=/movie/36829507
tt000010,恶意,恶意,2025,影片围绕着滨江三院一起费解的双人坠楼案展开，资深媒体人叶攀（张小斐 饰）始终秉持追寻真相的原则，她在调查中先后将护士李悦和母亲尤茜报道为嫌疑人，却因此引发舆情，事态逐渐失控。,剧情 / 悬疑,来牧宽 / 姚文逸,陈思诚 / 张臻 / 李翔星,来牧宽 姚文逸,100分钟,6.2,3.1,56021,https://www.douban.com/doubanapp/dispatch?uri=/movie/36809947
tt000011,夜班,夜班,2025,"在瑞士一家医院的外科病房工作的Floria（Leonie Benesch饰）是一位充满热情与专业精神的外科护理师。她技术娴熟，即使在压力巨大的情况下也总能耐心倾听每一位病人的需求，在紧急情况下，她总能迅速到场——理想状态下是如此。然而现实情况中这份工作常常难以预料，情况远没有那么理想。
这一天，Floria开始了她的晚班，但在这个床位已满、人手紧缺的病房里一位同事突然因故缺勤。尽管工作繁忙，她仍尽心照顾着一位重病的母亲（Lale Yavas饰）和一位焦急等待诊断的老人（Urs Bihler饰），同样细致周到地应对着那位私人病人（Jürg Plüss饰）的各种额外要求。
然而，一场致命的错误悄然发生，让整个值班陷入混乱。一场与时间赛跑的紧张之旅由此开始。",剧情,佩特拉·比翁迪娜·沃尔普,佩特拉·比翁迪娜·沃尔普,佩特拉·比翁迪娜·沃尔普,92分钟,8.3,4.15,13108,https://www.douban.com/doubanapp/dispatch?uri=/movie/36752929
tt000012,白头神探：智斗灭世狂人,白头神探：智斗灭世狂人,2025,白头神探的儿子小弗兰克（连姆·尼森 Liam Neeson 饰）即将上演最无厘头的一次“营救”行动。,喜剧 / 动作 / 犯罪,阿吉瓦·沙弗尔,丹·格雷戈尔 / 道格·曼德 / 阿吉瓦·沙弗尔 / 吉姆·艾布拉姆斯 / 大卫·扎克 /  / 更多...,阿吉瓦·沙弗尔,85分钟,6.0,3.0,4036,https://www.douban.com/doubanapp/dispatch?uri=/movie/25792787
tt000013,F1：狂飙飞车,F1：狂飙飞车,2025,桑尼·海耶斯（布拉德·皮特 饰）曾经是F1赛场上最具潜力的天才新星，但一场意外葬送了他的职业生涯，从此他沦为人们口中最生不逢时的“沧海遗珠”。三十年后的如今，桑尼是一名自由职业的落魄赛车手，他的前队友——如今是濒临破产的F1车队老板鲁本·塞万提斯（哈维尔·巴登 饰）却突然找上门来。鲁本说服桑尼重返F1赛场，这不仅是拯救他车队的最后希望，更是桑尼向世界证明自己仍是顶尖车手的最佳契机。桑尼将与车队的热门新秀乔舒亚·皮尔斯（达姆森·伊德瑞斯 饰）并肩前行，这位年轻的车手也渴望在赛道上书写自己的传奇。然而伴随着引擎开始轰鸣，桑尼过去的创伤也如影随形，他同时意识到在F1的世界里，并肩作战的队友也会是最强劲的对手，而通往自我救赎的道路，绝非孤身一人能够走完。,剧情 / 动作 / 运动,约瑟夫·科辛斯基,伊伦·克鲁格 / 约瑟夫·科辛斯基,约瑟夫·科辛斯基,156分钟,8.7,4.35,406315,https://www.douban.com/doubanapp/dispatch?uri=/movie/35689244
tt000014,8号出口,8号出口,2025,本片改编自2023年发行的寻找“异常”的同名游戏，迷路男子（二宫和也 饰）意外被困地下铁神秘地带，无限循环的诡异通道仿佛拥有意志，随时变异。为了找到通向目标的“8号出口”，男子唯一能做的，就是奋力追索周遭细思极恐的异常。在令人迷失的无尽回廊之中，男子能否找到真正的出口，逃出生天？,恐怖 / 冒险,川村元气,平濑谦太朗 / 川村元气,川村元气,95分钟,6.3,3.15,10288,https://www.douban.com/doubanapp/dispatch?uri=/movie/37178027
tt000015,死神来了：血脉诅咒,死神来了：血脉诅咒,2025,大学生斯蒂芬妮（凯特琳·桑塔·胡安娜 Kaitlyn Santa Juana 饰）长期被噩梦困扰，她决定返回家乡寻找噩梦起源，却意外发现曾发生在外婆艾莉丝身上的离奇旧事，并牵连出流淌在整个家族血脉中的秘密：死神诅咒。当她试图破解诅咒密码，却发现死神的镰刀早已垂下…… 随着身边亲人一个个离奇惨死，斯蒂芬妮还能带领幸存者逃脱死神的宿命猎杀吗？,惊悚 / 恐怖,亚当·B·斯坦 / 扎克·利波夫斯基,盖伊·比尤西克 / 洛丽·埃文斯·泰勒 / 乔恩·沃茨,亚当·B·斯坦 扎克·利波夫斯基,110分钟,6.9,3.45,122792,https://www.douban.com/doubanapp/dispatch?uri=/movie/30429388
tt000016,看我今天怎么说,看我今天怎么说,2024,在个人和融入之间，如何不被扭曲活出真我？一部关于自我价值和身份认同的作品——聋人不再是作者的设定，而是主人公，我们不只看得见声音还听得到静音。三位赤诚的聋人青年，出身自不同的家庭，因为不同的机遇和身体状况，对聋人身份和处境有着不同看法和态度。一个活得自信，一个努力融入，一个则不敢苛求。手语把三人连上，现实却撞得彼此遍体鳞伤，他们能否走上耳目一新的一章？避过一切猎奇怜悯的眼光，以最严谨真诚的态度取得微妙平衡，舞动的手语带动情感流动，由衷的尊重充满每一个角落。选角用心精准，令每位大小演员都散发出亮眼的光芒，游学修、钟雪莹和吴祉昊细致的演出更是真挚动人。,剧情,黄修平,千春 / 何康 / 思言 / 黄修平,黄修平,132分钟,8.3,4.15,5270,https://www.douban.com/doubanapp/dispatch?uri=/movie/36766358
tt000017,卷卷初恋,卷卷初恋,2025,1998年，19岁的卷发单恋少女朴世莉（申银秀 饰）有了聪明转学生的助攻，下定决心非追到校草不可。,剧情 / 喜剧 / 爱情,南宫善,南宫善,南宫善,118分钟,6.9,3.45,2537,https://www.douban.com/doubanapp/dispatch?uri=/movie/36948664
tt000018,脱缰者也,脱缰者也,2025,世纪之交，背井离乡的马飞（郭麒麟 饰）重返天津，在种种不尽如意的遭遇下“拐走”外甥李嘉文（胡朗荃 饰），舅甥就此踏上一段“离经叛道”之旅。事态脱缰失控，抽象不断升级，一切荒唐随之而来……,喜剧 / 犯罪,曹保平,方唱 / 王馼,曹保平,122分钟,5.7,2.85,8475,https://www.douban.com/doubanapp/dispatch?uri=/movie/36453173
tt000019,奇遇,奇遇,2025,43岁的社畜大叔黄遇奇（贾冰 饰）身体处处亮红灯，是生活中的背景板，职场上的一块砖。被人生困住的他因一场意外与18岁的自己互换灵魂！从此，没有“班味”的中年黄遇奇开启了创飞人生的一系列操作！不做卷王，享受人生就对了！“少年老成”的18岁黄遇奇（王皓 饰）手握未来剧本，开始实行“富二代养成计划”！不再叛逆，弥补遗憾就对了！横冲直撞的他们会如何掌控自己的全新人生？,喜剧,马多,马多,马多,129分钟,7.2,3.6,24882,https://www.douban.com/doubanapp/dispatch?uri=/movie/36522427
tt000020,碟中谍8：最终清算,碟中谍8：最终清算,2025,超级人工智能“智体”即将引爆全球核弹危机，把世界推向毁灭边缘。而伊森·亨特（汤姆·克鲁斯 饰）和他的IMF小队在上次行动中遭遇重创，团队濒临分崩离析。虽然伊森已获得关闭“智体”的钥匙，但要彻底消灭“智体”，完成这一拯救全人类的终极任务，仍需要IMF小队齐心协力突破重重困难。他们不仅要面对全知全能又无影无形的“智体”与其手下盖布瑞尔（埃塞·莫拉雷斯 饰）的百般阻拦，还要解决来自过去的种种恩怨。每个抉择都关乎信念与命运，等待伊森和IMF小队的，究竟是怎样的结局？,动作 / 惊悚 / 冒险,克里斯托弗·麦奎里,克里斯托弗·麦奎里 / 埃里克·延德雷森,克里斯托弗·麦奎里,170分钟,7.7,3.85,225875,https://www.douban.com/doubanapp/dispatch?uri=/movie/30433456
tt000021,物质主义者,物质主义者,2025,年轻且企图心旺盛的纽约恋爱顾问Lucy（达科塔·约翰逊 Dakota Johnson 饰）发现自己在完美的另一半（佩德罗·帕斯卡 Pedro Pascal 饰）和不完美的前任（克里斯·埃文斯 Chris Evans 饰）之间犹豫不决。,喜剧 / 爱情,席琳·宋,席琳·宋,席琳·宋,116分钟,6.0,3.0,17846,https://www.douban.com/doubanapp/dispatch?uri=/movie/36453674
tt000022,超人,超人,2025,"当超人（大卫·科伦斯韦 饰）被卷入国内外多重冲突时，他保护人类的行为遭到质疑。而他显露的弱点，也趁机被科技巨擘、阴谋大师莱克斯·卢瑟（尼古拉斯·霍尔特 饰）利用，准备一举铲除超人。《星球日报》勇敢无畏的记者露易丝·莱恩（瑞秋·布罗斯纳安 饰）能否联手大都会的其他超能力者，以及超人忠诚的伙伴超狗小氪，在卢瑟彻底毁灭超人前拯救他？
影片讲述了超人在两个身份之间自我和解的成长之旅，他既是来自氪星的卡尔-艾尔，也是在堪萨斯小镇长大的克拉克·肯特，他选择怀抱无私信念，将自身的强大力量用于守护人类。在这个将“善良”视作过时的世界里，他以人性之善为指引，坚定践行“真理、正义与更美好的明天”的永恒信念。",动作 / 科幻 / 奇幻 / 冒险,詹姆斯·古恩,詹姆斯·古恩 / 杰里·西格尔 / 乔·舒斯特,詹姆斯·古恩,130分钟,6.5,3.25,90930,https://www.douban.com/doubanapp/dispatch?uri=/movie/36188176
tt000023,惊变28年,惊变28年,2025,"经历病毒浩劫的幸存者们在远离城市的地方建立了新的聚集区，平静的生活却在28年后被再次打破。更加致命的病毒变异，日渐扭曲的人性与欲望，人类的命运将会何去何从？
影片为《惊变28天》续作。",科幻 / 惊悚 / 恐怖,丹尼·博伊尔,亚历克斯·加兰,丹尼·博伊尔,115分钟,5.7,2.85,27038,https://www.douban.com/doubanapp/dispatch?uri=/movie/36144741
tt000024,即兴卧底,即兴卧底,2025,《即兴卧底》是一部快节奏的动作喜剧，由布莱丝·达拉斯·霍华德饰演凯特，她是一位即兴喜剧老师，因星途不顺而开始质疑起自己的实力。当一名卧底警察（肖恩·宾饰）递给她一个“千载难逢的角色”时，她招募了两名学生（奥兰多·布鲁姆和尼克·穆罕默德饰），通过假扮危险罪犯，潜入伦敦黑帮世界。,喜剧 / 动作 / 犯罪,汤姆·金斯利,德里克·康纳利 / 科林·特莱沃若 / 本·阿什登 / 亚历山大·欧文,汤姆·金斯利,99分钟,7.2,3.6,16021,https://www.douban.com/doubanapp/dispatch?uri=/movie/36764327
tt000025,长安的荔枝,长安的荔枝,2025,影片改编自马伯庸同名小说，唐天宝年间，人到中年的李善德（大鹏 饰）骂骂咧咧干了很多活，抠抠搜搜花了不少钱，到头来却还是个无名小吏。然而这一切随着一次召见似乎有了转机，某天有人安排给他一个“荔枝使”的肥差，只要办成，那就是荣华富贵人生逆袭，但要是办不成……,剧情 / 喜剧 / 古装,大鹏,沈雨悦 / 戴思奥 / 大鹏,大鹏,122分钟,7.6,3.8,265887,https://www.douban.com/doubanapp/dispatch?uri=/movie/36185502
tt000026,地球特派员,地球特派员,2025,小男孩艾力欧（约纳斯·基布雷亚布 Yonas Kibreab 配音），一个充满奇思妙想的太空迷，意外踏上了一场宇宙冒险。他必须与古怪的外星生命建立新的联系，以化解一场规模空前的星际危机，并在此过程中发现他真正的使命。,剧情 / 喜剧 / 科幻 / 动画 / 家庭 / 奇幻 / 冒险,玛德琳·莎拉菲安 / 石之予 / 阿德里安·莫利纳,茱莉亚·赵 / 马克·汉默 / 麦克·琼斯 / 阿德里安·莫利纳 / 玛德琳·莎拉菲安 /  /  /  / 更多...,玛德琳·莎拉菲安 石之予 阿德里安·莫利纳,98分钟,6.9,3.45,18234,https://www.douban.com/doubanapp/dispatch?uri=/movie/36090458
tt000027,无名之辈：否极泰来,无名之辈：否极泰来,2025,在曼谷街头大闹分手的“渣男”陈三金（章宇 饰）与“狠女”薛芳梅（任素汐 饰），意外卷入了一场犯罪集团的绑架活动。二人不出意外的成为了人质中的“出头鸟”、绑匪的“眼中钉”，在面临生存还是毁灭的一系列极端选择之际，二人尽显“渣男”“狠女”本性。殊不知这场意外背后还暗藏着更大危机，极端情境下的二人将何去何从？异国人群中的无名之辈们又将如何反抗命运？,喜剧 / 犯罪,饶晓志,饶晓志 / 周铨 / 王莉莉,饶晓志,122分钟,5.7,2.85,31627,https://www.douban.com/doubanapp/dispatch?uri=/movie/37155318
tt000028,复活她,复活她,2025,一对兄妹在他们新寄养母亲的偏远住所中，发现了一个可怕的仪式。,恐怖,丹尼·菲利普 / 迈克尔·菲利普,丹尼·菲利普 / 比尔·辛茨,丹尼·菲利普 迈克尔·菲利普,104分钟,6.7,3.35,24386,https://www.douban.com/doubanapp/dispatch?uri=/movie/36876356
tt000029,戏台,戏台,2025,"民国年间，战乱频发。五庆班班主侯喜亭（陈佩斯 饰）带着一众名角儿来到德祥大戏院演出，谁成想首演压轴登场的却是包子铺的伙计大嗓儿（黄渤 饰）？全场观众都在翘首以盼名角儿金啸天（尹正 饰）亮相，可刚攻城称王的洪大帅（姜武 饰）却偏偏指名让大嗓儿唱这出《霸王别姬》！眼看戏班的招牌就要砸了，前台戏迷退票砸场让戏院吴经理（杨皓宇 饰）苦不堪言，后台洪大帅持枪闹事更是让人吓破了胆！台前台后都乱了套，男旦凤小桐（余少群 饰）、教化处处长徐明礼（陈大愚 饰）、怀有异心的六姨太（徐卓儿 饰）等人也被卷入这场令人啼笑皆非的闹剧之中……台上霸王声声唱，台下荒唐众生相，既要保住戏班饭碗，又要哄好台下观众，大幕拉开之后，这场戏到底要怎么唱？
影片改编自同名话剧。",剧情 / 喜剧,陈佩斯,陈佩斯,陈佩斯,117分钟,8.0,4.0,149002,https://www.douban.com/doubanapp/dispatch?uri=/movie/35483395
tt000030,K-POP：猎魔女团,K-POP：猎魔女团,2025,她们不只是演唱会一票难求的人气女团，更是斩妖除魔的超强高手！韩流巨星鲁米、米拉和佐依私底下化身为魔物猎人，竭尽全力保护歌迷，对抗无所不在的异界威胁。如今，她们必须联手面对至今最大的敌人：一群以男团之姿迷倒万千粉丝的魔鬼。,喜剧 / 动作 / 动画 / 音乐 / 歌舞 / 奇幻 / 冒险,克里斯·艾伯翰斯 / 玛吉·康,丹雅·希门尼斯 / 汉娜·麦克梅肯 / 玛吉·康 / 克里斯·艾伯翰斯 / 艾丽卡·利波尔特,克里斯·艾伯翰斯 玛吉·康,95分钟,6.6,3.3,17713,https://www.douban.com/doubanapp/dispatch?uri=/movie/35391124
tt000031,性梦爱三部曲：梦,性梦爱三部曲：梦,2024,"他们都说，爱情仿佛一场大梦，到梦醒的时候自然结束，无论如何，Johanne（艾拉·奥弗比 Ella Øverbye 饰）恋爱了，爱上了同性艺术家老师，并且所忧所喜所思所虑都用文字记录下来——我爱她复觉得她爱我，但现实真的如此？母亲和外祖母看了日记后有点惊讶，却认为文采非凡，值得出版。
这时观众霍然惊觉，从一开始大家早堕入了虚构之网，回头太迟，因而也不必回头了。以如梦如幻月为情欲想像作大总结，堪称达格·约翰·豪格鲁德对人性和性差异思考交出的亮丽成绩表，一举摘下柏林国际电影节金熊奖。",剧情,达格·约翰·豪格鲁德,达格·约翰·豪格鲁德,达格·约翰·豪格鲁德,111分钟,8.2,4.1,9647,https://www.douban.com/doubanapp/dispatch?uri=/movie/36117334
tt000032,侏罗纪世界：重生,侏罗纪世界：重生,2025,故事发生在《侏罗纪世界3》事件的五年后。危在旦夕的恐龙族群生存于孤岛之上，但是它们中却隐藏着能够带来人类医药奇迹的关键基因，为获取神秘基因，一支精英小队潜入恐龙禁地，然而等待他们的却是无法预知的危机和惊天阴谋……,动作 / 科幻 / 惊悚 / 冒险,加里斯·爱德华斯,大卫·凯普,加里斯·爱德华斯,134分钟,5.9,2.95,123418,https://www.douban.com/doubanapp/dispatch?uri=/movie/36743767
tt000033,亲爱的，别！,亲爱的，别！,2025,讲述小镇私家侦探哈尼·奥多纳休（玛格丽特·库里 Margaret Qualley 饰），深入调查一系列与一座神秘教堂有关的离奇死亡事件。,喜剧 / 悬疑 / 惊悚 / 犯罪,伊桑·科恩,伊桑·科恩 / 翠西娅·库克,伊桑·科恩,89分钟,5.2,2.6,811,https://www.douban.com/doubanapp/dispatch?uri=/movie/36707357
tt000034,新·驯龙高手,新·驯龙高手,2025,影片讲述小嗝嗝（梅森·泰晤士 Mason Thames 饰）偶然间遭遇传说中的夜煞没牙仔，并由此与之建立深厚友谊，进而打破两大族群间的隔阂，携手寻求和平的故事。,剧情 / 喜剧 / 动作 / 奇幻 / 冒险,迪恩·戴布洛伊,迪恩·戴布洛伊,迪恩·戴布洛伊,126分钟,8.4,4.2,145628,https://www.douban.com/doubanapp/dispatch?uri=/movie/36247731
tt000035,疾速追杀：芭蕾杀姬,疾速追杀：芭蕾杀姬,2025,父亲惨遭杀害，少女伊芙（安娜·德·阿玛斯 饰）被迫加入杀手组织，在这里她被培养成为一名芭蕾舞者，同时接受了长达12年的魔鬼训练成为了顶级杀手，开启了血刃仇人的杀戮之旅。她不仅要独自一人完成组织下达的死亡任务，还要暗中搜集杀父仇家的信息。随时丧命的极端危险、各方势力的联合围剿，让伊芙的复仇之路艰难无比。同时，她又被传说中的杀手约翰·威克（基努·里维斯 饰）锁定，新老杀神狭路相逢，伊芙必须在被约翰追到之前杀出血路完成复仇。危险的倒计时开始，一场致命厮杀即将拉开血色序幕……,动作 / 惊悚,伦·怀斯曼,谢伊·哈顿 / 德里克·科尔斯塔德,伦·怀斯曼,125分钟,6.9,3.45,90935,https://www.douban.com/doubanapp/dispatch?uri=/movie/34807062
tt000036,罪人,罪人,2025,双胞胎兄弟（迈克尔·B·乔丹 Michael B. Jordan 饰）试图摆脱不愉快的过往，回到家乡想重新开始，但却发现更为恐怖的邪恶势力正等待着他们的回归……,剧情 / 动作 / 惊悚 / 恐怖,瑞恩·库格勒,瑞恩·库格勒,瑞恩·库格勒,137分钟,7.7,3.85,60036,https://www.douban.com/doubanapp/dispatch?uri=/movie/36742579
tt000037,爱丁顿,爱丁顿,2025,小镇警长参加竞选，希望击败现任进步派市长，后者则计划在镇上建立大型人工智能数据中心。病毒来势汹汹，居家隔离、口罩防疫的辩论，令社区日渐撕裂，阴谋论甚嚣尘上，冲突一触即发。加上黑人议题、失踪儿童、社交媒体对青少年影响、杀人也要开直播、政治两极化，片中的爱丁顿小镇不但如同现 代西部片场景，更是当今美国社会缩影，透视出焦虑与恐惧如何将全民推向疯狂失控的悬崖边缘。,剧情 / 喜剧 / 西部,阿里·艾斯特,阿里·艾斯特,阿里·艾斯特,148分钟,6.4,3.2,2857,https://www.douban.com/doubanapp/dispatch?uri=/movie/35268569
tt000038,无声挚爱,无声挚爱,2025,安吉拉是一位聋人，她与听觉正常的伴侣赫克托即将迎来他们的第一个孩子。然而，宝宝的到来却引发了一系列关系危机，迫使安吉拉直面在一个并不适合她的世界里抚养女儿的重重挑战。,剧情,埃娃·利伯塔德,埃娃·利伯塔德,埃娃·利伯塔德,99分钟,8.0,4.0,1354,https://www.douban.com/doubanapp/dispatch?uri=/movie/36473138
tt000039,花漾少女杀人事件,花漾少女杀人事件,2025,单亲家庭下长大的江宁（张子枫 饰）正为职业生涯的最后机会拼命训练，不料天才对手钟灵（丁湘源 饰）的横空出世，夺走了母亲/教练王霜（马伊琍 饰）的青睐，三人的关系开始变得扑朔迷离，一场“杀人”的致命意外正悄然上演……,剧情 / 悬疑,周璟豪,周璟豪,周璟豪,108分钟,7.4,3.7,34950,https://www.douban.com/doubanapp/dispatch?uri=/movie/35183324
tt000040,你行！你上！,你行！你上！,2025,这是一对父子的传奇历险，也是两个野心家的一拍即合。从沈阳到美国，从3岁到17岁，弹琴胜似取经，八十八键多过八十一难，父子心无杂念，只管埋头向前，两人赤手空拳让美国殿堂艺术精英们刮目相看。,剧情 / 喜剧,姜文,姜文 / 游晓颖 / 张寒寺,姜文,144分钟,6.7,3.35,85523,https://www.douban.com/doubanapp/dispatch?uri=/movie/36767956
tt000041,野党,野党,2025,"讲述了在大韩民国毒品板块和调查机关之间来回穿梭，围绕震撼毒品世界的内幕“野党”展开的故事。
姜河那扮演了秘密向国家调查机关提供毒品世界信息的内幕“野党”李江秀的角色。柳海真将饰演出身底层的野心勃勃的检察官具关熙。朴解浚饰演执着的毒品调查队组长吴尚才，他抓住了一次的犯人， 将与柳海真一起形成三角格局，进一步提高剧情的紧张感。",剧情 / 犯罪,黄炳国,未知,黄炳国,123分钟(韩国),6.6,3.3,5502,https://www.douban.com/doubanapp/dispatch?uri=/movie/36437002
tt000042,腓尼基计划,腓尼基计划,2025,欧洲军火与航空界的商业巨擘Zsa-zsa Korda（本尼西奥·德尔·托罗 Benicio del Toro 饰）为了执行神秘计划，指定自己的修女女儿Liesl（米娅·塞普雷顿 米娅·瑟普尔顿 饰）成为遗产的继承人，而另一群匪徒想要阻止这位大亨，混乱与杀戮就此展开。,剧情 / 喜剧 / 动作 / 惊悚 / 犯罪,韦斯·安德森,韦斯·安德森 / 罗曼·科波拉,韦斯·安德森,105分钟,6.7,3.35,13580,https://www.douban.com/doubanapp/dispatch?uri=/movie/36465394
tt000043,丑陋的继姐,丑陋的继姐,2025,"艾尔维拉（莉娅·迈伦 Lea Myren 饰）为了与她那美丽得令人发狂的继妹艾格尼斯（西娅·索菲·洛赫·内斯 Thea Sofie Loch Næss 饰）竞争，不惜一切代价。在这个童话王国里，美貌是一桩残酷的生意，她用鲜血、汗水和泪水努力吸引王子的目光。
该片是对经典童话《灰姑娘》的暗黑演绎。",剧情 / 恐怖,埃米莉·布里西菲尔特,埃米莉·布里西菲尔特,埃米莉·布里西菲尔特,109分钟,7.3,3.65,32611,https://www.douban.com/doubanapp/dispatch?uri=/movie/36471252
tt000044,冥婚红包,冥婚红包,2025,警察线人Menn（Billkin 饰）意外捡到一个神秘的红包，被迫和男鬼Titi（PP 饰）结婚，Menn为了让Titi不再纠缠自己并无憾离去，无所不用其极地帮助Titi解开死亡的真相，从此展开人鬼共处的爆笑日常。,喜剧 / 恐怖 / 奇幻,查亚诺普·布恩帕拉科布,查亚诺普·布恩帕拉科布 / 泰萨提德·查洛恩日提差 / 辰塔维·塔纳西维 / 薇婉·洪维瓦塔娜,查亚诺普·布恩帕拉科布,125分钟,7.4,3.7,12031,https://www.douban.com/doubanapp/dispatch?uri=/movie/36968545
tt000045,对不起，宝贝,对不起，宝贝,2025,久别重聚，友情依旧。同窗好友大步向前，结婚、怀孕、诞儿，艾丽丝只能踽踽独行，寻索自己的人生路。校园性侵事件发生后，生活如是继续：在母校教学升迁、与旧同学饭聚、被召任陪审员、与邻居展开恋情……一切仿佛如常，看不见的伤口却依然隐隐作痛，只怕惊恐攸然来袭，把人杀个措手不及。五个章节不按时序，任错落情绪在回忆的倒带和快进中跌宕。没有暴力的视觉冲击，,剧情,伊娃·维克托,伊娃·维克托,伊娃·维克托,103分钟,7.3,3.65,2093,https://www.douban.com/doubanapp/dispatch?uri=/movie/36809707
tt000046,星际宝贝史迪奇,星际宝贝史迪奇,2025,来自外星的“实验品626”史迪奇（克里斯·桑德斯 配音）在一场太空追捕中意外降落在夏威夷海岛，与小女孩莉萝（玛雅·凯洛哈 饰）相遇，为了躲避追捕，史迪奇伪装成小狗进入了莉萝的生活，发生了一段极其风趣又不失感人的故事。,喜剧 / 动作 / 科幻 / 奇幻 / 冒险,迪恩·弗雷斯彻-坎普,克里斯·凯卡尼奥卡拉尼·布莱特 / 迪恩·戴布洛伊 / 克里斯·桑德斯 / 迈克·范·韦斯,迪恩·弗雷斯彻-坎普,108分钟,7.2,3.6,66397,https://www.douban.com/doubanapp/dispatch?uri=/movie/30345743
tt000047,封神第二部：战火西岐,封神第二部：战火西岐,2025,姜子牙、姬发带队坚守西岐，家园保卫战一触即发！邓婵玉、闻仲奉商王殷寿之命，率魔家四将等殷商大军征伐西岐，西岐一方得殷郊、雷震子、杨戬、哪吒等相助，更聚全民之力守卫家园。兵戈相对、法术交锋，两大阵营掀起强强对决，关于“封神榜” 的争夺正在继续......,动作 / 战争 / 奇幻 / 古装,乌尔善,冉平 / 冉甲男 / 乌尔善 / 曹升,乌尔善,144分钟,5.8,2.9,398332,https://www.douban.com/doubanapp/dispatch?uri=/movie/30181250
tt000048,甜蜜养老院,甜蜜养老院,2025,马克斯是一个陷入困境的人，他开始在一家养老院工作，并意识到那里的居民和看护人隐藏着险恶的秘密。当他调查这座建筑及其被禁止的四楼时，他开始发现自己的过去和作为寄养儿童的成长经历有密切的关系。,惊悚 / 恐怖,詹姆斯·德莫纳克,詹姆斯·德莫纳克 / 亚当·康托尔,詹姆斯·德莫纳克,95分钟,5.7,2.85,872,https://www.douban.com/doubanapp/dispatch?uri=/movie/35744936
tt000049,怪化猫：火鼠,怪化猫：火鼠,2025,在《剧场版物怪：唐伞》的激烈对决后不久，卖药郎（神谷浩史配音）再次现身，这次他来到了大奥的内庭。先前事件过后，这里正经历一场动荡。出身名门的女子大友牡丹（户松遥配音）接替歌山成为新任总管，并开始推行一种严谨而平衡的领导方式。这种高压政策逐渐加剧了她与曾受天皇（入野自由配音）宠幸的资深花魁富贵（日笠阳子配音）之间的关系日益紧张，两人之间的裂痕日益加深。天皇的妻子有希子皇后（种崎敦美配音）所生的皇子即将选定监护人，一场突如其来的事件却彻底颠覆了富贵的命运。她产下了一个被视为“不祥之子”的婴儿，被年长重臣大友（堀内贤雄配音）视为威胁，从而成为一场权谋阴谋的目标。在男权体制编织的权力之网中，利益冲突与掩盖真相的手段迅速失控。与此同时，奇怪的事件接连发生，人们无故自燃，瞬间化为灰烬。卖药郎怀疑是物怪作祟，展开调查。然而，他所面对的，是一种神秘而不断变化的群体性...,动画 / 悬疑 / 恐怖,铃木清崇 / 中村健治,新八角,铃木清崇 中村健治,74分钟,7.9,3.95,2819,https://www.douban.com/doubanapp/dispatch?uri=/movie/36990306
tt000050,秋日何时来,秋日何时来,2024,慈祥的老祖母米歇尔（海伦·文森特 Hélène Vincent 饰）在勃艮第乡下安享着平静的晚年生活，她最好的朋友玛丽-克劳德（若西安·巴拉斯科 Josiane Balasko 饰）也住在附近。但当她的女儿瓦莱丽（露德温·塞尼耶 Ludivine Sagnier 饰）把孙子卢卡斯送来过秋季假期时，一切都偏移了正常的轨道。,剧情,弗朗索瓦·欧容,弗朗索瓦·欧容 / 菲利普·皮亚佐,弗朗索瓦·欧容,102分钟,8.0,4.0,14773,https://www.douban.com/doubanapp/dispatch?uri=/movie/36639612
tt000051,雄狮少年2,雄狮少年2,2024,来上海打工的无名之辈阿娟（李昕 配音），为了赚钱给父亲治病，同意代表没落的传武拳馆参加“上海格斗之夜”武术比赛，为此他必须战胜所有的高手、偏见和自己。,喜剧 / 动作 / 动画,孙海鹏,孙海鹏 / 沈诚 / 张挺 / 史迈,孙海鹏,133分钟,8.5,4.25,193554,https://www.douban.com/doubanapp/dispatch?uri=/movie/35883131
tt000052,诡异列车,诡异列车,2024,影片讲述了一位点击率最低的Youtuber（朱贤英 饰）和YouTube公司的PD（崔普闵 饰）两人为了寻找恐怖真实的素材，遇到了一位神秘地铁站的站长（全裴修 饰），之后面对多个怪异的事件。,悬疑 / 惊悚 / 恐怖,卓世雄,卓世雄,卓世雄,94分钟,6.0,3.0,3248,https://www.douban.com/doubanapp/dispatch?uri=/movie/36782603
tt000053,有病才会喜欢你,有病才会喜欢你,2025,我们忘不掉的是青春，还是青春里的那个人呢？一个是吊儿郎当，活在当下的学渣叶子杰（詹怀云 饰），在面临退学危机时，意外发现装病似乎可以逃过一劫？一个是沉稳内敛，渴望未来的学霸叶梓洁（江齐 饰），她仿佛装了测谎雷达，总会找到叶子杰疑似装病的证据！两个人相似的名字暗示了他们注定交织的命运。原本水火不相容的他们，因为这场“有病”乌龙，在一次次谍对谍的较量中渐渐靠近，暗生情愫…然而青春常常伴随遗憾，相爱的人也总是难免分离，但也正因如此，才要把握现在，在这个明媚的春天，即刻告白吧！告诉那个人：我就是有病，才会这么喜欢你。,剧情 / 喜剧 / 爱情,许富翔,未知,许富翔,111分钟,5.6,2.8,2109,https://www.douban.com/doubanapp/dispatch?uri=/movie/36803483
tt000054,帕丁顿熊3：秘鲁大冒险,帕丁顿熊3：秘鲁大冒险,2024,帕丁顿（本·卫肖 Ben Whishaw 配音）回到家乡秘鲁看望他心爱的露西婶婶（艾美达·斯丹顿 Imelda Staunton 配音）。露西婶婶现住在退休熊之家。然而一个谜团将帕丁顿和布朗一家带入意想不到的惊险旅程。从亚马逊雨林到秘鲁山巅，一场激动人心的冒险随之而来。,喜剧 / 动画 / 悬疑 / 奇幻 / 冒险,道格尔·威尔森,马克·伯顿 / 西蒙·法纳比 / 乔·福斯特 / 保罗·金 / 詹姆斯·拉蒙特 /  / 更多...,道格尔·威尔森,107分钟,6.7,3.35,28406,https://www.douban.com/doubanapp/dispatch?uri=/movie/27115004
tt000055,梅根2.0,梅根2.0,2025,第二部仍以女孩卡迪（维奥莱特·麦格劳 Violet McGraw 饰）和她的姨妈珍玛（艾莉森·威廉姆斯 Allison Williams 饰）为主线，她们遭到了下一代机器人“阿米莉亚”（伊万娜·萨赫诺 Ivanna Sakhno 饰）的疯狂攻击，而本已沦为智能语音助手的梅根（珍娜·戴维斯 Jenna Davis 配音），似乎是帮助她们对抗阿米莉亚的绝佳选择。,动作 / 科幻 / 惊悚 / 恐怖,杰拉德·约翰斯通,杰拉德·约翰斯通 / 阿克拉·库珀 / 温子仁,杰拉德·约翰斯通,120分钟,6.6,3.3,15780,https://www.douban.com/doubanapp/dispatch?uri=/movie/36217796
tt000056,哪吒之魔童闹海,哪吒之魔童闹海,2025,天劫之后，哪吒、敖丙的灵魂虽保住了，但肉身很快会魂飞魄散。太乙真人打算用七色宝莲给二人重塑肉身。但是在重塑肉身的过程中却遇到重重困难，哪吒、敖丙的命运将走向何方？,剧情 / 喜剧 / 动画 / 奇幻,饺子,饺子,饺子,144分钟,8.4,4.2,1451790,https://www.douban.com/doubanapp/dispatch?uri=/movie/34780991
tt000057,破·地狱,破·地狱,2024,婚礼策划师道生（黄子华 饰）因婚礼市场萧条而债台高筑，被迫改行成为葬礼经纪人。红白二事大相径庭，令道生处处碰壁，但最难一关是要得到喃呒师傅文哥（许冠文 饰）的认可。起初因为理念不合，道生与文哥冲突不断，两人的关系岌岌可危。但数次危难时刻文哥的出手相助，以及亲历文哥与女儿文玥（卫诗雅 饰）的相处点滴，道生与文哥之间的心结慢慢解开，也逐渐悟到“破地狱”的真正意义。,剧情 / 家庭,陈茂贤,陈茂贤 / 郑纬机,陈茂贤,126分钟,8.3,4.15,368428,https://www.douban.com/doubanapp/dispatch?uri=/movie/36712987
tt000058,雷霆特攻队*,雷霆特攻队*,2025,《雷霆特攻队*》中集结了一支颠覆传统的反英雄团队——“二代黑寡妇”叶莲娜、“冬兵”巴基、“红色守卫”阿列克谢、“幽灵”、“模仿大师”和“美国密探”约翰·沃克。在发现陷入了瓦伦蒂娜设置的死亡陷阱后，这群已不抱有幻想的弃儿必须开始一项危险的任务，迫使他们面对各自最黑暗的过往。这个混乱的“最低配”团队是否会一盘散沙内部瓦解，还是会在为时已晚之前及时完成救赎并团结起来呢？,剧情 / 动作 / 科幻 / 犯罪 / 奇幻 / 冒险,杰克·施莱尔,埃里克·皮尔森 / 乔安娜·卡洛 / 柯特·布席克 / 马克·巴格利 / 斯坦·李 /  /  /  /  / 更多...,杰克·施莱尔,127分钟,6.6,3.3,98588,https://www.douban.com/doubanapp/dispatch?uri=/movie/35927475
tt000059,噪声,噪声,2024,"有听力障碍的珠英（李先彬 饰），与妹妹珠憘（韩秀娥 饰）终于买下梦寐以求的新房，却没想到噩梦才正要开始。
某天起，珠憘开始被来自公寓某处的神秘噪音折磨得身心俱疲。那让人不耐的楼层噪音，不仅让她无法安睡，更像是潜藏某种黑暗秘密的警告。正当珠英离家工作时，珠憘突然失踪，让惊慌失措的珠英立刻赶回家，并与珠憘的男友基勋（金珉锡 饰）联手追查真相。同时，住在楼下的神秘男子（柳炅秀 饰）也长期受噪音困扰，认定一切都源于楼上的这对姊妹，让他情绪逐渐崩溃，扬言要对她们痛下杀手……
真相究竟藏在谁的耳中？噪音背后，又是谁的疯狂正在近逼？",悬疑 / 恐怖,金秀珍,未知,金秀珍,93分钟,5.5,2.75,1740,https://www.douban.com/doubanapp/dispatch?uri=/movie/36617767
tt000060,蛟龙行动,蛟龙行动,2025,"未来某日，中国海军截获关键情报——一艘超级潜艇正密谋一项针对我国东南沿海城市的绝密军事计划。我方派出最新型潜艇“龙鲸号”，与蛟龙小队协同作战。海底战场险象环生，蛟龙遭遇重重陷阱，潜艇与敌多番埋伏周旋，更驶入海底火山口遍布的广袤深海，一场惊心动魄、攸关生死存亡的深海决战拉开帷幕……
该影片为《红海行动》续作。",剧情 / 动作 / 战争,林超贤,谭宇力 / 王圣博 / 冯骥,林超贤,130分钟(特别版),6.2,3.1,115458,https://www.douban.com/doubanapp/dispatch?uri=/movie/35295960
tt000061,超异能特攻,超异能特攻,2025,五个普通人在接受器官移植后获得了超能力，并必须与一位超级反派对抗。,喜剧 / 动作 / 奇幻 / 冒险,姜炯哲,姜炯哲,姜炯哲,119分钟,6.2,3.1,9118,https://www.douban.com/doubanapp/dispatch?uri=/movie/35351910
tt000062,神奇4侠：初露锋芒,神奇4侠：初露锋芒,2025,神奇先生（佩德罗·帕斯卡 饰）、隐形女（凡妮莎·柯比 饰）、霹雳火（约瑟夫·奎恩 饰）和石头人（爱波·莫斯-巴克拉赫 饰）。面对来自宇宙级威胁“行星吞噬者”（拉尔夫·伊内森 饰）及其使者“银影侠”（朱莉娅·加纳 饰）对地球上所有生灵的威胁，四人必须在家庭羁绊与英雄使命间抉择，挺身而出接受这个前所未有的严峻挑战。更令人措手不及的是，这场关乎地球存亡的危机竟与他们有着意想不到的关联。,动作 / 科幻 / 冒险,马特·沙克曼,乔什·弗莱德曼 / 埃里克·皮尔森 / 杰夫·卡普兰 / 伊恩·斯普林格,马特·沙克曼,115分钟,6.1,3.05,36113,https://www.douban.com/doubanapp/dispatch?uri=/movie/34825559
tt000063,会计刺客2,会计刺客2,2025,当一位老友遭到谋杀，只留下一条神秘讯息：“找到那个会计师”，克里斯蒂安·沃尔夫（本·阿弗莱克饰）不得已开始追查此案，并招来了战力惊人的弟弟布莱斯顿（乔恩·伯恩瑟尔饰）助阵。他们与金融犯罪执法局副局长玛莉贝丝·麦迪娜（辛西娅·阿戴-罗宾逊饰）联手，揭露了一场致命阴谋，却也因此成为杀手集团的目标，对方誓要不惜一切代价保守阴谋的秘密。,剧情 / 动作 / 悬疑 / 惊悚 / 犯罪,加文·奥康纳,比尔·迪比克,加文·奥康纳,132分钟,6.1,3.05,20570,https://www.douban.com/doubanapp/dispatch?uri=/movie/27077476
tt000064,国家元首,国家元首,2025,英国首相（伊德里斯·艾尔巴 Idris Elba 饰）和美国总统（约翰·塞纳 John Cena 饰）的公开争执让两国联盟岌岌可危。然而，当他们成为某个强大势力的袭击目标后，这对冤家不得不放下分歧，展开一场横跨多国的疯狂行动。在军情六处精英特工诺埃尔（佩丽冉卡·曹帕拉 Priyanka Chopra 饰）的协助下，他们必须想方设法挫败那个威胁整个自由世界的惊天阴谋。,喜剧 / 动作 / 惊悚,伊利亚·奈舒勒,乔什·阿佩尔鲍姆 / 安德烈·内梅克 / 哈里森·奎瑞,伊利亚·奈舒勒,116分钟,6.6,3.3,13640,https://www.douban.com/doubanapp/dispatch?uri=/movie/36170178
tt000065,危笑2,危笑2,2024,女歌星斯凯·莱利（娜奥米·斯科特 Naomi Scott 饰）因背痛去朋友家取药，却目睹朋友残忍自杀。几天后，各种奇怪诡异的现象让斯凯大大发疯，身边的亲朋好友都莫名对着她诡异微笑。一天一天过去，斯凯才知道自己传染了微笑诅咒，而受害者没有一位活过一周的，斯凯只能向假死医师莫里斯（彼得·雅各布森 Peter Jacobson 饰）求助……,悬疑 / 惊悚 / 恐怖,帕克·芬恩,帕克·芬恩,帕克·芬恩,127分钟,7.1,3.55,42107,https://www.douban.com/doubanapp/dispatch?uri=/movie/36727829
tt000066,独一无二,独一无二,2025,"17岁的女孩喻延（张婧仪 饰）与爸爸（陈明昊 饰）、妈妈（蒋勤勤 饰）、哥哥（辛云来 饰）生活在祖辈经营的喻记鱼杂铺中。作为听障家庭中唯一的听人，她自幼游走在家人的无声世界与外面的有声世界之间，已经习惯于担任桥梁和翻译器。家人的爱与依赖如藤蔓般缠绕着她，然而去往更宽广世界的渴望之火也在心里熊熊灼烧。突如其来的变故，让喻延不得不面对追寻梦想与捍卫家人的两难局面。在成长的选择中，她尝试着找寻自己，也找到能与家人分享的歌声。
本片改编自法国电影《贝利叶一家》。",剧情,王沐,王沐 / 陈思安,王沐,122分钟,7.0,3.5,15412,https://www.douban.com/doubanapp/dispatch?uri=/movie/36896644
tt000067,出走的决心,出走的决心,2024,"影片根据50岁阿姨自驾游真人故事改编。
天真浪漫的李红（咏梅 饰）一生有过许多梦想，18岁时憧憬大学，25岁时憧憬爱情，45岁时憧憬远游……但为了那些“对别人来说更重要”的事，她只能一等再等，也一再错过。50岁，她决心不再等待，活出不一样的人生！",剧情 / 家庭,尹丽川,阿美 / 尹丽川,尹丽川,106分钟,8.8,4.4,394907,https://www.douban.com/doubanapp/dispatch?uri=/movie/36587974
tt000068,危险动物,危险动物,2025,一个沉迷于鲨鱼的连环杀手绑架了一个无忧无虑的冲浪者，绑在自己的船里，要举行一个仪式把她喂鲨鱼。她的新男友发现恋人失踪，前来寻找，却也被这个疯癫的杀手所擒……,惊悚 / 恐怖,肖恩·伯恩,尼克·莱帕德,肖恩·伯恩,98分钟,6.2,3.1,5591,https://www.douban.com/doubanapp/dispatch?uri=/movie/36883048
tt000069,编号17,编号17,2025,"米奇·巴恩斯（罗伯特·帕丁森 饰）在地球一事无成，无奈下加入星际殖民计划，任职“消耗体”，从此开启了可以反复去世又不断重生、高危工作繁多望不到头的“宇宙牛马”死去活来打工记。某次，第17号米奇从又一危险任务死里逃生，回家后却发现自己已经被米奇18号取代了位置，一场啼笑皆非的科幻冒险黑色喜剧就此上演。
影片改编自爱德华·阿什顿的科幻小说《米奇7号》。",剧情 / 科幻 / 冒险,奉俊昊,奉俊昊 / 爱德华·阿什顿,奉俊昊,134分钟(中国大陆),6.6,3.3,89998,https://www.douban.com/doubanapp/dispatch?uri=/movie/34429795
tt000070,敌,敌,2024,大学教授渡边退休后独居小屋，每日煮饭、操持家务，在日复一日的淡雅日常中，打点自身晚年生活。专注追求学识的极致，偶有红粉知己探访。写作之余也撰写遗嘱，受邀演讲还是坚持自己的价码。如此尊严又惬意自在的状态，却逐渐浮现健康恶化、关系崩解等征兆。心绪混乱的同时，渡边开始不断收到同一则诡谲的信息：逃跑吧，北方的敌人即将来到⋯⋯,剧情,吉田大八,吉田大八 / 筒井康隆,吉田大八,108分钟,7.7,3.85,4050,https://www.douban.com/doubanapp/dispatch?uri=/movie/37040125
tt000071,辣妈辣妹2,辣妈辣妹2,2025,多年以后，在泰丝和安娜经历了一场身份危机之后，安娜如今有了一个女儿和一个未来的继女。在两家人合并时面临的挑战中，泰丝和安娜发现，雷电或许会再次降临。,喜剧 / 家庭 / 奇幻,尼萨·加纳特,乔丹·韦斯,尼萨·加纳特,110分钟,7.5,3.75,682,https://www.douban.com/doubanapp/dispatch?uri=/movie/36403252
tt000072,终极对弈,终极对弈,2025,电影改编自围棋传说曹薰铉九段（李秉宪 饰）和自己传授毕生所学的弟子李昌镐九段（刘亚仁 饰）之间展开胜负对决的真实故事。,剧情 / 传记 / 运动,金炯柱,金炯柱,金炯柱,116分钟,7.3,3.65,12072,https://www.douban.com/doubanapp/dispatch?uri=/movie/35215516
tt000073,铁血战士：杀戮之王,铁血战士：杀戮之王,2025,故事跨越时空，从维京时代到幕府日本至二战时期，讲述三个铁血战士的勇猛事迹。人类的宿命是否将从此改写？,动作 / 科幻 / 动画 / 惊悚 / 冒险,丹·特拉亨伯格 / 约书亚·瓦松,米乔·鲁塔尔 / 丹·特拉亨伯格 / 吉姆·托马斯 / 约翰·托马斯,丹·特拉亨伯格 约书亚·瓦松,85分钟,7.8,3.9,16905,https://www.douban.com/doubanapp/dispatch?uri=/movie/37309928
tt000074,聊斋：兰若寺,聊斋：兰若寺,2025,"年青书生蒲松龄行路遇险，不得已夜宿兰若寺，却被一蛤蟆一乌龟抓到了一口奇异的古井底，两只精怪比赛讲故事并逼迫蒲松龄评判故事的好坏……最终，被逼无奈的蒲松龄也讲出了自己的奇妙故事。
本片为篇章式结构，分为一条主线《井下故事》以及五个经典聊斋故事改编的《崂山道士》《莲花公主》《聂小倩》《画皮》《鲁公女》，共六个篇章。",剧情 / 喜剧 / 动画 / 奇幻,崔月梅 / 刘源 / 谢君伟 / 邹靖 / 黄鹤宇 /  / 更多...,沈君乐 / 张雪杰,崔月梅 刘源 谢君伟 邹靖 黄鹤宇 刘一林,152分钟,6.7,3.35,39386,https://www.douban.com/doubanapp/dispatch?uri=/movie/36289419
tt000075,黑夜终至,黑夜终至,2025,改编自威利·弗劳廷所著同名小说，讲述一个女人为拯救家庭、防止家人被驱逐出家族的房子，冒着一切风险踏上一夜的惊险旅程，在波特兰的犯罪圈里筹集资金，期间她被迫直面自己黑暗的过去，最终获得自由。,剧情 / 惊悚 / 犯罪,本·卡隆,萨拉·康拉德 / 威利·维劳汀,本·卡隆,108分钟,5.9,2.95,1790,https://www.douban.com/doubanapp/dispatch?uri=/movie/36801713
tt000076,峡谷,峡谷,2025,两名训练有素的特工被派往神秘峡谷的对立两侧执行保护任务，并因此变得亲密。当邪恶势力出现时，他们必须携手合作，以求在峡谷中的未知险境中生存下来。,动作 / 爱情 / 科幻 / 恐怖 / 冒险,斯科特·德瑞克森,扎克·迪恩,斯科特·德瑞克森,127分钟,7.3,3.65,78829,https://www.douban.com/doubanapp/dispatch?uri=/movie/35295339
tt000077,水饺皇后,水饺皇后,2025,"上世纪七十年代，青岛姑娘臧健和（马丽 饰）带着两个女儿被迫流落他乡。为了维持生计抚养女儿，臧姑娘白天洗碗，晚上擦车。无依无靠的她独自一人扛下重重压力，为冲破命运的束缚，臧健和决定卖水饺谋生。从无人问津到门庭若市，身边嘴硬心软的红姐（惠英红 饰）、华哥（朱亚文 饰）、糖水伯（袁富华 饰）都给予了她不少力量。坚持不懈的她把水饺生意越做越大，人生之路也越走越宽……
影片根据真人真事改编。",剧情 / 传记,刘伟强,韩家女 / 张梦楚,刘伟强,119分钟,6.1,3.05,133747,https://www.douban.com/doubanapp/dispatch?uri=/movie/33414470
tt000078,便衣警察,便衣警察,2025,改编自真实事件，聚焦一段LGBTQ+黑暗时期的禁忌之恋：1990年代，一个便衣警察被派去诱捕同性恋男性，而他发现自己被目标之一吸引了。影片被描述为“一个走心的故事，关于内心矛盾、家庭以及在面对社会及个人预期时，性别认同的复杂性。”,剧情 / 爱情 / 惊悚 / 同性,卡门·艾米,卡门·艾米,卡门·艾米,95分钟,7.9,3.95,7134,https://www.douban.com/doubanapp/dispatch?uri=/movie/36803039
tt000079,大风杀,大风杀,2025,"1995年，全面禁枪政策实施的前一年，弃镇忙崖的平静被打破。藏匿巨额宝藏的悍匪大哥北山（辛柏青 饰）越狱出逃，43名穷凶极恶的匪徒从四面八方齐聚于此，随大哥北山一道用武力封锁忙崖，整座小镇陷入了断油断通信的绝境！
悍匪要钱也要命，忙崖枪声四起，巨大沙暴也即将席卷而来。“夜猫子”夏然（白客 饰）和另外两位民警面临着1把枪对阵88把枪的天崩开局，匪帮内部亦上演“黑吃黑”大戏。群匪环伺，风沙蔽日，命悬一线，如何破局？",剧情 / 悬疑 / 犯罪,张琪,孙悦 / 张琪,张琪,131分钟,6.7,3.35,83752,https://www.douban.com/doubanapp/dispatch?uri=/movie/36512371
tt000080,墙外之音,墙外之音,2025,宇成（姜河那 饰）是一名年轻的上班族，他通过不懈努力终于购得自己的房子，但搬入后却被楼上的不明噪音所困扰，逐渐卷入一场惊悚的冒险中。面对高利贷款的压力和日益加剧的邻居冲突，宇成的生活变得越来越失控。,剧情 / 惊悚,金泰俊,金泰俊,金泰俊,118分钟,6.2,3.1,5460,https://www.douban.com/doubanapp/dispatch?uri=/movie/36840069
tt000081,全知读者视角,全知读者视角,2025,"影片改编自同名网络小说。
平凡上班族金独子（安孝燮 饰），唯一嗜好是阅读网络小说《在灭亡的世界中存活的三种方法》，不过在长达十年的连载期间，他却是这个小说的唯一读者。当金独子在地铁车厢读完小说最终话时，小说中的场景却转瞬成为现实。地铁车厢仿佛成为人间炼狱，巨大怪物正践踏着这座城市，以及凭空出现在眼前的讯息：“您收到了第一个主线任务。”紧接着，熟悉的小说角色纷纷登场，而那个无比强大、牵动着整个世界命运的小说主角刘众赫（李敏镐 饰），开始照着剧情一一行动。眼看熟悉的世界将不复返，一个崭新的世界正在诞生，身为唯一知晓这个新世界结局的金独子，将在升级自身能力的同时，打造出与原本小说截然不同的结局。",剧情 / 动作 / 奇幻 / 冒险,金秉祐,Umi / singNsong,金秉祐,116分钟,6.1,3.05,1242,https://www.douban.com/doubanapp/dispatch?uri=/movie/35515145
tt000082,二号陪审员,二号陪审员,2024,克林特·伊斯特伍德最后一部导演作品《二号陪审员》，讲述一个谋杀案件陪审团的成员怀疑他自己跟受害者的死有一定关系，陷入了道德困境：是利用陪审员的身份来迷惑他人、保护自己，还是对他正在参与的法律系统自首？,剧情 / 悬疑 / 惊悚 / 犯罪,克林特·伊斯特伍德,乔纳森·A·阿伯拉姆斯,克林特·伊斯特伍德,114分钟,7.1,3.55,13425,https://www.douban.com/doubanapp/dispatch?uri=/movie/36340655
tt000083,神圣之路,神圣之路,2025,一对父母接到了女儿深夜打来的求救电话：她刚刚不小心撞上了一名行人。两人立刻跳上车，赶往现场，想在别人发现前先赶到。但随着他们驶入这黑暗夜晚的更深处，一个又一个令人不安的真相浮出水面，他们意识到，驾驶在哈洛路上的，也许不止他们一家……,剧情 / 惊悚 / 恐怖,巴巴克·安瓦里,威廉·吉利斯,巴巴克·安瓦里,80分钟,6.4,3.2,1202,https://www.douban.com/doubanapp/dispatch?uri=/movie/36647543
tt000084,人生开门红,人生开门红,2025,一场意外的危机公关，让“烤肠哥”周大江（常远 饰）阴差阳错与顶流网红小海茉（邓家佳 饰）组成了“预制情侣”，被迫为霸道总裁秦天龙（王耀庆 饰）“顶包”的周大江，误打误撞成为了直播新宠。手忙脚乱地应对着流量规则，在成为新晋网红的路上笑料百出。,剧情 / 喜剧,易小星,易小星 / 姜坤 / 徐涵,易小星,114分钟,6.1,3.05,59972,https://www.douban.com/doubanapp/dispatch?uri=/movie/36988926
tt000085,如月车站Re：,如月车站Re：,2025,三年前，宫崎明日香（本田望结 饰）奇迹般地从异世界“如月车站”归来。她的外貌却停留在二十年前，这种违背常理的存在，让她成为众人异样目光与质疑的焦点。在孤独与绝望的深渊中，纪录片导演角中瞳（奥菜惠 饰）找到了她。这场命运般的相遇，让明日香的内心燃起新的希望。曾经拼命救她的堤春奈（恒松祐里 饰），以及那些仍被困在异世界的人…为了拯救他们，明日香决意再次踏入“如月车站”。然而，等待她的究竟是救赎，还是更深的绝望？,恐怖,永江二朗,宫本武史,永江二朗,82分钟,6.1,3.05,692,https://www.douban.com/doubanapp/dispatch?uri=/movie/37192550
tt000086,直到黎明,直到黎明,2025,一群青少年探寻一座废弃的游客中心，却意外遭遇蒙面杀手的残忍屠杀，并陷入会在死后回到前一天傍晚的无限循环之中！而打破这场死亡循环的唯一方式，就是活到黎明……,剧情 / 恐怖,大卫·F·桑德伯格,加里·多伯曼 / 布莱尔·巴特勒,大卫·F·桑德伯格,103分钟,6.1,3.05,17905,https://www.douban.com/doubanapp/dispatch?uri=/movie/36737061
tt000087,完美伴侣,完美伴侣,2025,周末，一群好友前往偏远木屋度假，当发现其中一位同伴并不像他们看起来的那样，宁静的假期瞬间陷入混乱……,科幻 / 惊悚,德鲁·汉考克,德鲁·汉考克,德鲁·汉考克,97分钟,6.8,3.4,42183,https://www.douban.com/doubanapp/dispatch?uri=/movie/36421270
tt000088,魔法坏女巫,魔法坏女巫,2024,影片讲述了奥兹国两位女巫鲜为人知的成长故事。因绿色皮肤而备受误解的艾芙芭（辛西娅·埃里沃 Cynthia Erivo 饰）与光彩夺目、野心勃勃的格琳达（爱莉安娜·格兰德 Ariana Grande 饰）在西兹大学结识，性格迥异的二人却建立起了深厚的友谊。然而，随着与奥兹国大巫师的邂逅，她们的友谊走向十字路口，二人面临着截然不同的命运之路。这段奇幻冒险揭示了友谊、力量与自我发现的真谛。,爱情 / 歌舞 / 奇幻,朱浩伟,温妮·霍尔兹曼 / 达纳·福克斯 / 格雷戈里·马奎尔 / 莱曼·弗兰克·鲍姆,朱浩伟,161分钟,7.0,3.5,55026,https://www.douban.com/doubanapp/dispatch?uri=/movie/3148694
tt000089,好东西,好东西,2024,"爱逞强的单亲妈妈王铁梅（宋佳 饰）带小孩王茉莉（曾慕梅 饰）搬到新家，结识了所谓清醒恋爱脑的邻居小叶（钟楚曦 饰）。两位性格迥异的女性，一个坚强，一个柔软，一个擅长给人当妈，一个擅长随时撒谎。面对旧创伤和新挑战，她们彼此温暖互相慰藉。
而围绕王铁梅的两个男人，前夫（赵又廷 饰）不时“添乱”，女儿的鼓手老师（章宇 饰）似乎充满新的可能。作为已经觉醒的女人们和学习过性别议题的男人们，会遇到什么新问题？会如何看待自己和世界？",剧情 / 爱情,邵艺辉,邵艺辉,邵艺辉,123分钟,9.0,4.5,1147821,https://www.douban.com/doubanapp/dispatch?uri=/movie/36154853
tt000090,阳光照耀青春里,阳光照耀青春里,2025,"年轻有才的程序员何立为（肖央 饰）供职于家园软件公司，并独自开发了一款游戏。他的偏执和作为扰乱了公司的融资计划，被公司送进了“青春里”精神康复院。
康复院里，何立为认识了形形色色的病友，也经历了不少啼笑皆非的故事。其中女病人林春春（春夏 饰）总是与何立为发生种种纠葛，两颗心逐渐走近。何立为的哥哥何立刚（王迅 饰）拒绝接何立为出院，医院总务主任洪兆庆（陈明昊 饰）也不断压制着何立为的种种出格行为。何立为为了证明自己没有得病，百般尝试，希望早日逃出青春里。直到有一天，他看到了春春脑中的幻觉，而随后发生的一系列事情也让他开始迷惑，究竟什么才是正常的世界，自己想“逃出”的到底又是什么……",剧情,曾海若,曾海若,曾海若,129分钟,6.5,3.25,21503,https://www.douban.com/doubanapp/dispatch?uri=/movie/35411283
tt000091,那个人消失了,那个人消失了,2024,本片的故事发生在带有“人一个接一个消失”传说的公寓里，讲述了青年投递员丸子在每天出入公寓的过程中，偶然得知了可疑住户的“秘密”。以那一天为界，他被卷入了意想不到的大事件…,剧情 / 悬疑,水野格,水野格,水野格,104分钟,7.6,3.8,8765,https://www.douban.com/doubanapp/dispatch?uri=/movie/36901661
tt000092,名侦探柯南：独眼的残像,名侦探柯南：独眼的残像,2025,"“我想起来了……”沉睡的记忆与真相即将觉醒。
故事以长野县为舞台，高人气角色“长野三人组”大和敢助、诸伏高明、上原由衣将登场亮相。当毛利小五郎警视厅时期同事“鳄鱼”遭遇意外，与致使大和敢助“独眼”的神秘雪崩案交织，无法兑现的承诺和独眼中的残像就此重叠。雪花飞舞，真相与爱意终将明晰！这一次，毛利小五郎将不再沉睡，与柯南、大和敢助等人携手探案，亲手揭开掩埋于雪山之下的秘密与真相……",剧情 / 动画 / 悬疑 / 犯罪,重原克也,樱井武晴 / 青山刚昌,重原克也,110分钟,6.8,3.4,84634,https://www.douban.com/doubanapp/dispatch?uri=/movie/36851291
tt000093,向阳·花,向阳·花,2025,"锒铛入狱，天崩开局，刑满释放女囚如何困境求生？
为给女儿购买价值20万的人工耳蜗，高月香（赵丽颖 饰）铤而走险，被判刑入狱，却因这段经历结识了黑妹（兰西雅 饰）、邓虹（啜妮 饰）、胡萍（王菊 饰）、郭爱美（程潇 饰）。她们虽然性格不同，但却都有“和生活硬碰硬”的态度，不服输、不认命的她们，面对命运挑战一路为彼此撑腰，向阳而生。",剧情 / 犯罪,冯小刚,冯小刚 / 虫安,冯小刚,124分钟,6.2,3.1,154892,https://www.douban.com/doubanapp/dispatch?uri=/movie/36954004
tt000094,情感价值,情感价值,2025,姐妹Nora和Agnes与疏远的父亲——魅力非凡的导演Gustav重聚。这位昔日名导试图让舞台剧演员Nora参演自己寄予厚望的复出之作，却遭女儿拒绝。Nora很快发现，父亲已将她的角色转给了一位野心勃勃的好莱坞新星。突如其来的变故迫使两姐妹直面与父亲的复杂纠葛，而这位美国明星的加入，更让本就微妙的家庭关系陷入新的波澜。,剧情 / 喜剧,约阿希姆·提尔,约阿希姆·提尔 / 埃斯基尔·沃格特,约阿希姆·提尔,135分钟,7.3,3.65,691,https://www.douban.com/doubanapp/dispatch?uri=/movie/36413501
tt000095,通往你的地图,通往你的地图,2025,故事讲述女主角希瑟准备在毕业旅行时享受最后一个自由的夏天，之后就按部就班成为一个都市职场女性。然而路途中，她遇到了冒险家杰克，他与希瑟截然相反，杰克邀请希瑟加入自己的探险之旅，沿着他祖父的日记记录开始一场未知而全新的欧洲旅行。,剧情 / 爱情,拉斯·霍尔斯道姆,莱斯利·博希姆 / 薇拉·赫伯特 / 约瑟夫·蒙宁格,拉斯·霍尔斯道姆,96分钟,6.1,3.05,456,https://www.douban.com/doubanapp/dispatch?uri=/movie/36948340
tt000096,战·争,战·争,2025,"一支海豹突击队奉命在伊拉克设立哨站，执行监视任务期间，突然被敌军大举围攻。敌众我寡，在猛烈炮火攻击下，他们唯有死守哨站，等候援兵及装甲车抵达。然而同袍伤重垂危，物资及装备缺乏，敌军不断四面进逼……在难以逆转的恶劣形势之下，即使并肩苦战，又可否全员撤退？
影片根据前海豹突击队成员雷·门多萨亲历伊拉克战争的真实经历改编。",剧情 / 动作 / 战争,亚历克斯·加兰 / 雷·门多萨,雷·门多萨 / 亚历克斯·加兰,亚历克斯·加兰 雷·门多萨,95分钟,7.0,3.5,22663,https://www.douban.com/doubanapp/dispatch?uri=/movie/36776989
tt000097,射雕英雄传：侠之大者,射雕英雄传：侠之大者,2025,"恩怨情仇的江湖，权势角力的战乱时代，郭靖（肖战 饰）童年离别家乡，逐渐炼就可改变局面和命运的庞大力量。虽受高人赏识和器重，得传天下绝世武功“九阴真经”和“降龙十八掌”，却惹来各方嫉忌，成为众矢之的。
郭靖，不亢不卑，怀赤子之心，与黄蓉（庄达菲 饰）在铁骑箭雨和硝烟旌旗中，力挽狂澜，保护南宋边关。
雕海苍穹，勇者无惧，侠之大者，力拔山河，成就武林传说。
本片主要改编自金庸同名原著第34至40章。",武侠,徐克,徐克 / 宋譞,徐克,146分钟,5.2,2.6,520596,https://www.douban.com/doubanapp/dispatch?uri=/movie/36289423
tt000098,花便当,花便当,2025,本剧改编自同名小说，讲述了在大阪的平民区生活着一对兄妹，哥哥俊树将与死去的父亲定下的“无论如何都要保护妹妹”的约定铭记在心，作为哥哥一直守护着妹妹文子。妹妹决定结婚，作为代替父母的哥哥应该终于可以放下肩上的担子了，但是在很久以前两人应该封印了的文子的“秘密”现在揭开了…,剧情,前田哲,朱川凑人,前田哲,118分钟,6.9,3.45,936,https://www.douban.com/doubanapp/dispatch?uri=/movie/37006600
tt000099,巴黎大饭店,巴黎大饭店,2024,本片讲述了东京大饭店在日本获得三星称号后，尾花和伦子在法国料理的故乡巴黎开设了新店巴黎大饭店，为成为第一个获得米其林三星称号的亚洲人而奋斗。在著名的巨匠们激烈竞争的法国，获得法国料理三星是尾花的夙愿，但是对于异国他乡的厨师来说，要想买到满意的食材都是一堵高墙，被评为三星更是遥不可及。巴黎大饭店每天都没有成果。因为在一次晚餐上的失态，他和以前的老师约定”如果下次不能获得米其林三星，我就辞职离开法国。”曾经被称为魅力主厨的尾花，能克服挫折和国境的高墙，和伙伴们一起获得世界最高峰的三星吗！？,剧情,冢原亚由子,黑岩勉,冢原亚由子,111分钟,6.1,3.05,2612,https://www.douban.com/doubanapp/dispatch?uri=/movie/36587946
tt000100,大自然对你说了什么,大自然对你说了什么,2025,一位年轻的诗人送女友到她父母家，并对她家的规模感到惊讶。他偶遇了她的父亲，见到了她的母亲和姐姐，最后他们在谈话、美食和美酒中一起度过了充实的一天。,剧情,洪常秀,洪常秀,洪常秀,108分钟,7.5,3.75,5458,https://www.douban.com/doubanapp/dispatch?uri=/movie/36961962
tt000101,远山淡影,远山淡影,2025,Niki(广濑铃饰)与日本母亲悦子和英国父亲生活在伦敦。悦子在长崎经历了原子弹爆炸，战后搬到了英国。她开始向Niki讲述自己最近做的梦：在长崎时见过一个名叫幸子的女人(二阶堂富美饰)和她年幼的女儿。,剧情 / 悬疑,石川庆,石川庆,石川庆,123分钟,7.1,3.55,1393,https://www.douban.com/doubanapp/dispatch?uri=/movie/36913048
tt000102,谍网追凶,谍网追凶,2025,查理·海勒（拉米·马雷克 Rami Malek 饰）是美国中央情报局一名才华横溢但性格极其内向的密码破译员，在兰利总部的一间地下办公室工作。当他的妻子萨拉（瑞秋·布罗斯纳安 Rachel Brosnahan 饰）在伦敦的一次恐怖袭击中丧生后，他的生活被彻底颠覆。由于上级拒绝采取行动，他决定依靠自己，孤身踏上了一场危险的环球追凶之旅，用智慧作为终极武器，躲避追捕并最终实现复仇。,动作 / 惊悚,詹姆斯·霍斯,肯·诺兰 / 加里·斯皮内利,詹姆斯·霍斯,123分钟,6.0,3.0,12865,https://www.douban.com/doubanapp/dispatch?uri=/movie/36251574
tt000103,父亲的遗产,父亲的遗产,2024,玛丽亚姆和努拉发现父亲去世前留下了巨额遗产，为了防止被她们的哥哥白白拿走一半的遗产，两姐妹试图赶在哥哥得知消息之前，拿到父亲在银行留下的钱。为此，姐妹俩必须放下彼此的芥蒂，互相合作，展开一系列精心策划的行动。,剧情,莱拉·阿巴斯,莱拉·阿巴斯,莱拉·阿巴斯,92分钟,7.4,3.7,826,https://www.douban.com/doubanapp/dispatch?uri=/movie/36473150
tt000104,唐探1900,唐探1900,2025,1900年，在美国旧金山唐人街，华裔印第安猎人阿鬼（王宝强 饰）与留美青年秦福（刘昊然 饰）因一场凶杀案偶然结识，误打误撞组成“唐人街神探”组合。开启了一场笑闹探案之旅……,喜剧 / 动作 / 悬疑,陈思诚 / 戴墨,陈思诚,陈思诚 戴墨,136分钟,6.4,3.2,574668,https://www.douban.com/doubanapp/dispatch?uri=/movie/36282639
tt000105,总集篇 最后的进击,进击的巨人,2024,当艾伦释放出巨人的终极力量时，世界的命运岌岌可危。怀着消灭所有威胁艾尔迪亚的人的强烈决心，他率领一支不可阻挡的巨人大军向马莱进击。,动作 / 动画 / 奇幻,林祐一郎,濑古浩司,林祐一郎,145分钟,9.3,4.65,7804,https://www.douban.com/doubanapp/dispatch?uri=/movie/37014543
tt000106,毒液：最后一舞,毒液：最后一舞,2024,毒液和埃迪（汤姆·哈迪 Tom Hardy 饰）迎来至暗时刻。一边是人类神秘组织的穷追猛打，一边是外星共生体大军入侵地球，他们一心同体，花式解锁海陆空作战新形态。面对两边的疯狂追捕，这对亡命搭档将被迫做出毁灭性决定，为他们的最后一舞拉下帷幕。,动作 / 科幻 / 惊悚 / 冒险,凯莉·马塞尔,凯莉·马塞尔 / 汤姆·哈迪,凯莉·马塞尔,109分钟,6.2,3.1,194208,https://www.douban.com/doubanapp/dispatch?uri=/movie/35087675
tt000107,夏日之书,夏日之书,2024,影片改编自托芙·扬松广受喜爱的同名小说《夏日之书》，讲述了九岁女孩索菲娅与年迈祖母之间的温情故事。索菲娅处在飞速成长的懵懂岁月，而祖母的生命已悄然接近尾声。她们和索菲娅的父亲一起来到芬兰湾一座与世隔绝的小岛，在这里度过宁静的夏日时光。她们在岛上自由漫步，畅谈生命、自然与其他的一切，却始终避而不谈索菲娅母亲离世带来的悲痛，以及彼此心底深藏的爱意。随着夏日的流逝，情感的创伤逐渐愈合，亲情的纽带愈发紧密，祖母终于能够了无牵挂，安心离去。,剧情,查理·麦克道威尔,罗伯特·琼斯 / 托芙·扬松,查理·麦克道威尔,90分钟,7.6,3.8,2727,https://www.douban.com/doubanapp/dispatch?uri=/movie/36299051
tt000108,二〇二五年的欧陆,二〇二五年的欧陆,2025,奥尔索利亚是特兰西瓦尼亚主要城市克卢日的一名法警。一天，她必须将一名无家可归的男子从地下室驱逐出去，这一行动带来了悲剧性的后果，使得奥尔索利亚必须尽力应对随之而来的道德危机。,剧情 / 喜剧,拉杜·裘德,拉杜·裘德,拉杜·裘德,109分钟,6.8,3.4,1244,https://www.douban.com/doubanapp/dispatch?uri=/movie/37170426
tt000109,小小的我,小小的我,2024,患有脑瘫的刘春和（易烊千玺 饰）勇敢冲破身心的枷锁，为外婆（林晓杰 饰）圆梦舞台的同时，也弥合了与妈妈（蒋勤勤 饰）的关系，并努力寻求着自己人生的坐标。在经历一个盛夏的蜕变后，他终于踏上了新的旅程。,剧情 / 家庭,杨荔钠,游晓颖,杨荔钠,131分钟,7.1,3.55,282337,https://www.douban.com/doubanapp/dispatch?uri=/movie/36498717
tt000110,时间之子,时间之子,2025,冷面杀手十七与渔村少女千晓因神秘时轮结缘，一个想“离职”找自由，一个想“离岛”寻精彩，他们决定暂时合作成为“一日时轮搭子”，在繁华的大都会开启了一场有惊有喜的浪漫奇遇。在这个过程中，十七和千晓的关系悄悄发生着变化，从最初的冤家对头逐渐变成了默契搭档，两颗心在不经意间靠近的同时，殊不知时轮背后的秘密，也在悄然影响着两人的命运……,爱情 / 动画 / 奇幻 / 冒险,于奥 / 周铁男,于奥 / 周铁男 / 舒奕橙,于奥 周铁男,107分钟,6.3,3.15,32443,https://www.douban.com/doubanapp/dispatch?uri=/movie/36469477
tt000111,猎金·游戏,猎金·游戏,2025,金融大师张托德（刘德华 饰）堪称业界最强“预言家”，经他“点拨”的投资者全都赚了大钱！刚毕业的金融高材生高寒（欧豪 饰）阴错阳差与张托德成为师徒，高端客户、亿万大单随之涌现。随着张托德的旧识安娜（倪妮 饰）突然出现，股市狂潮再起，暴涨暴跌的背后是投资机遇还是资本游戏？深陷其中的股民是一夜暴富还是沦为“韭菜”？当金融市场被利用变成“赌场”，股市涨跌皆骗局，游戏规则该由谁来定？,剧情 / 犯罪,邱礼涛,邱礼涛 / 赵文亮 / 高宇慧,邱礼涛,129分钟,5.3,2.65,58733,https://www.douban.com/doubanapp/dispatch?uri=/movie/35929258
tt000112,功夫梦：融合之道,功夫梦：融合之道,2025,功夫少年李峰（王班 饰）初入纽约，因帮朋友解围反遭当地空手道冠军“美式霸凌”，便决心参加空手道大赛赢回尊重。昔日恩师韩师傅（成龙 饰）远渡重洋携空手道大师丹尼尔（拉尔夫·马基奥 饰）出手相助，将纽约化成训练场对李峰开启宗师特训。在师傅们的教导下，李峰能否将两个武术流派融会贯通，用胜利赢得尊重并开辟属于自己的武学之道？,剧情 / 动作 / 运动,乔纳森·恩特威斯尔,罗伯·列博 / 罗伯特·马克·卡门,乔纳森·恩特威斯尔,94分钟,5.5,2.75,9461,https://www.douban.com/doubanapp/dispatch?uri=/movie/11600089
tt000113,干脆杀了他算了,干脆杀了他算了,2025,"曾经宁静的偏僻村庄
意想不到的惊险事件开始了!
离开忙碌的城市搬到偏僻的农村
姐姐善英和无念无念的弟弟智英。
为了村子的幸福与繁荣不分昼夜守护村子
青年会长大根和村长奉三
爱上了给安静的村子增添火热感的姐妹俩。
不只是他们，还有觊觎她们的可疑男子
还有轰动整个社区的通缉犯!
这个男人、那个男人，村子里的很多男人
落入了疯狂的陷阱。
结果有几个男人落入这对姐妹的圈套
会发生无法想象的事情",喜剧 / 爱情 / 犯罪,金尚勋,未知,金尚勋,104分钟,6.5,3.25,1427,https://www.douban.com/doubanapp/dispatch?uri=/movie/37249374
tt000114,杀婴者,杀婴者,2025,"讲述的是曾经的跆拳道希望之星，现如今的土汤匙兼职生“善优”（知英 饰）顶替被诬陷为酒驾逃逸死亡案件主犯的大企业会长孙女""智妍""（知英 饰）站在媒体前，由此展开的故事。
在本剧中，知英将一人分饰两角扮演善优和智妍，李起光则扮演智妍同父异母的哥哥，在智妍面前感到自卑，觊觎着家族继承人之位。",动作,庾河,Wang Hye-ji / 高在洪,庾河,117分钟,6.3,3.15,569,https://www.douban.com/doubanapp/dispatch?uri=/movie/36171159
tt000115,超级无敌掌门狗：企鹅的复仇,超级无敌掌门狗：企鹅的复仇,2024,阿德曼动画四次荣获奥斯卡金像奖的导演尼克·帕克和荣获艾美奖提名的梅林·科罗星汉带着全新大冒险《超级无敌掌门狗：最强复仇鹅》重磅回归。在新电影中，阿高担心华莱士过于依赖他的发明——而当华莱士发明了一个似乎拥有自己思想的“聪明”小矮人时，这种担心得到了证实。人们发现一个来自过去的复仇人物可能在策划这一切，而阿高必须与邪恶势力作斗争，拯救他的主人，否则华莱士的发明之路可能就到此为止了！,喜剧 / 动画 / 冒险,尼克·帕克 / 梅林·科罗兴汉,尼克·帕克 / 马克·伯顿,尼克·帕克 梅林·科罗兴汉,75分钟,7.8,3.9,6966,https://www.douban.com/doubanapp/dispatch?uri=/movie/35936983
tt000116,凯多湖的消失,凯多湖的消失,2024,一个8岁的女孩神秘地消失在卡多湖上，一系列过去的死亡和失踪开始联系在一起，永远改变了一个破碎家庭的历史。,剧情 / 悬疑 / 惊悚,罗根·乔治 / 瑟琳·赫德,罗根·乔治 / 瑟琳·赫德,罗根·乔治 瑟琳·赫德,99分钟,7.3,3.65,6443,https://www.douban.com/doubanapp/dispatch?uri=/movie/35618576
tt000117,喜羊羊与灰太狼之异国破晓,喜羊羊与灰太狼之异国破晓,2025,羊村守护者收到“光之大陆”的紧急求救，毅然踏上危机四伏的营救之路，面对未知的阴谋与强敌。羊狼们是否能拨开迷雾重见光明，光之大陆的命运又将何去何从……光明与黑暗的决战一触即发。,喜剧 / 动画,陈辉衍 / 梁嘉琪,吴潮威 / 郭敏棋,陈辉衍 梁嘉琪,96分钟,6.6,3.3,2908,https://www.douban.com/doubanapp/dispatch?uri=/movie/37337369
tt000118,互帮互助,互帮互助,2024,本片改编自同名小说，讲述了主人公·梓失去了无可替代的挚友而止步不前，她不断给已故好友发送信息，由此开始，意想不到的邂逅接连发生，形成了一个巨大的圈子…,剧情 / 爱情 / 家庭,草野翔吾,市井昌秀 / 佐佐部清 / 草野翔吾,草野翔吾,105分钟,7.9,3.95,4986,https://www.douban.com/doubanapp/dispatch?uri=/movie/36948465
tt000119,国宝,国宝,2025,本片改编自吉田为了采访3年，穿着歌舞伎的黑衣进入后台的经验而写出的长篇小说，出生于任侠一门、投身于歌舞伎世界、将青春献给演艺之路的喜久雄，赌上自己的生命去追求无尽的梦想的宏伟故事：舞台是从战后到高度经济成长期的日本。出生于任侠家族的喜久雄，遭遇了数奇的命运，被拽到歌舞伎演员的家中。不久后，在动荡的人生中，他作为歌舞伎演员的才能开花结果。,剧情,李相日,奥寺佐渡子,李相日,174分钟,7.9,3.95,1505,https://www.douban.com/doubanapp/dispatch?uri=/movie/36766190
tt000120,乔妍的心事,乔妍的心事,2024,"边陲小镇长大的乔妍（赵丽颖 饰）打拼多年之后成为了一名知名演员，但在重重压力之下，一路走来小心翼翼。随着一条匿名的勒索消息，让一桩尘封往事成为她新的阴影。同时，多年前失联的姐姐（辛芷蕾 饰）突然现身，事情看似巧合，但背后又暗藏更大的危机。
影片改编自张悦然的小说《大乔小乔》。",剧情 / 悬疑,赵德胤,胥悦 / 张悦然 / 赵德胤,赵德胤,112分钟,5.3,2.65,152302,https://www.douban.com/doubanapp/dispatch?uri=/movie/36289576
tt000121,熊出没·重启未来,熊出没·重启未来,2025,"熊大、熊二、光头强意外地和来自未来世界的小亮一起穿越到100年后：世界发生巨大灾变，孢子植物全面侵占，人类在末日中艰难求生，整个地球危在旦夕！而这一切的罪魁祸首竟是......光头强？！
100年前究竟发生了什么？小亮是敌是友？光头强为何背负恶名？人类命运最终会走向何方？熊强三人组能否穿透这层层迷雾，重启未来？",剧情 / 喜剧 / 科幻 / 动画,林永长 / 瞿才佳,徐芸 / 崔铁志 / 刘圳杰,林永长 瞿才佳,108分钟,7.1,3.55,39728,https://www.douban.com/doubanapp/dispatch?uri=/movie/36970301
tt000122,我的世界大电影,我的世界大电影,2025,影片讲述四个“异类”——“垃圾侠”盖瑞特·加里森（杰森·莫玛 饰）、亨利（塞巴斯蒂安·汉森 饰）、娜塔莉（艾玛·迈尔斯 饰）和道恩（丹妮尔·布鲁克斯 饰）——正为生活中的琐事苦恼时，突然被拉入一个神秘的传送门，进入了“主世界”：一个依赖想象力的奇异方块乐园。为了回到现实 世界，他们不仅要掌握这个世界的规则，还要在不速之客——资深工匠史蒂夫（杰克·布莱克 饰）的帮助下，迈上一场魔幻探险之旅。探险之旅充满挑战，五人必须要勇敢面对，发掘各自独特的创造力。创造力，正是他们重返现实世界的关键技能。,喜剧 / 动作 / 家庭 / 奇幻 / 冒险,杰瑞德·赫斯,克里斯·鲍曼 / 哈贝尔·帕尔默 / 尼尔·韦德纳 / 加文·詹姆斯 / 克里斯·加莱塔 /  / 更多...,杰瑞德·赫斯,101分钟,5.6,2.8,44012,https://www.douban.com/doubanapp/dispatch?uri=/movie/26149750
tt000123,电幻国度,电幻国度,2025,影片改编自同名热门绘本，背景设定在洋溢未来风格的过往年代。主人公米歇尔（米莉·波比·布朗 饰）是个失去双亲的少女，她为了寻找失散的弟弟而踏上穿越美国西部之旅，与她同行的是个可爱又神秘的机器人，以及一名古怪的流浪客（克里斯·帕拉特 饰）。,剧情 / 喜剧 / 动作 / 科幻 / 冒险,乔·罗素 / 安东尼·罗素,克里斯托弗·马库斯 / 斯蒂芬·麦克菲利,乔·罗素 安东尼·罗素,128分钟,6.0,3.0,17031,https://www.douban.com/doubanapp/dispatch?uri=/movie/27606065
tt000124,日落日出,日落日出,2024,影片改编自楡周平的同名小说，新冠疫情背景，讲述因疫情被迫远程工作的晋作，决定从城市搬到可以享受垂钓的三陆，寻找新生活方式。但也渐渐发现，当地存在的“空房”等问题。,剧情,岸善幸,宫藤官九郎,岸善幸,139分钟,7.1,3.55,5194,https://www.douban.com/doubanapp/dispatch?uri=/movie/36941169
tt000125,睡觉的笨蛋,睡觉的笨蛋,2025,鲸井和入巢是住在同一间大学宿舍的前后辈，入巢对生活缺乏热情，每天浑浑噩噩地泡在旧书店里打工，鲸井虽然总是为钱发愁，但还在努力追逐着自己独立乐队吉他主唱的梦想。两人在廉价的居酒屋里喝酒看剧打发时间，过着松散而安心的每一天。然而，一通来自大型音乐唱片公司的电话让两人的日常生活发生了翻天覆地的变化。,剧情,阪元裕吾,石黑正数,阪元裕吾,106分钟,7.6,3.8,2177,https://www.douban.com/doubanapp/dispatch?uri=/movie/37045926
tt000126,摇滚诗人：未知的传奇,摇滚诗人：未知的传奇,2024,"影片以1960年代初的纽约音乐界为背景，重现了鲍勃·迪伦插电争议的始末。
19岁的鲍勃·迪伦（提莫西·查拉梅 Timothée Chalamet 饰）背着吉他，从明尼苏达来到纽约西村，他的民谣歌曲得到了偶像的赏识和乐迷的青睐，原本寂寂无名的鲍勃迅速成为纽约民谣界炙手可热的新星。1965年的纽波特民谣音乐节上，鲍勃·迪伦首次在舞台上使用了电吉他，不仅颠覆了民谣音乐的定义，更重新书写了美国音乐的未来。
本片根据以利亚·沃尔德创作的纪实文学《迪伦要插电》改编。",剧情 / 音乐 / 传记,詹姆斯·曼高德,詹姆斯·曼高德 / 杰伊·考克斯,詹姆斯·曼高德,141分钟,6.5,3.25,14283,https://www.douban.com/doubanapp/dispatch?uri=/movie/34940704
tt000127,怪猴,怪猴,2025,当双胞胎兄弟哈尔和比尔在阁楼上发现父亲的旧猴子玩具之后，他们周围开始发生一系列可怕的死亡事件。兄弟俩决定把猴子扔掉，继续他们的生活，但多年来却越来越疏远。但当神秘的死亡再次开始时，兄弟俩必须重新团结起来，找到一种方法来彻底消灭这只猴子，以免它夺走所有与他们亲近的人的生命。,恐怖,奥斯古德·珀金斯,奥斯古德·珀金斯 / 斯蒂芬·金,奥斯古德·珀金斯,98分钟,5.1,2.55,15852,https://www.douban.com/doubanapp/dispatch?uri=/movie/36402080
tt000128,工作细胞,工作细胞,2024,"人身体里的细胞承担着不同的工作职责，红细胞（永野芽郁 饰）运输氧气、白细胞（佐藤健 饰）与入侵者战斗，还有无数细胞共同守护人的健康。抵御细菌、对抗病毒、治愈擦伤都是细胞们的日常KPI，就连人的情绪变化，也影响着细胞们的工作氛围。
高中生漆崎日胡（芦田爱菜 饰）突患重病，兢兢业业的细胞们也迎来了史上最大危机。为了挽救这副年轻的身体，所有细胞与癌细胞展开殊死搏斗。与此同时，爸爸漆崎茂（阿部隆史 饰）坚定不移的爱与陪伴，也给日胡带来了战胜疾病的勇气。
本片改编自清水茜的同名漫画。",剧情 / 喜剧 / 奇幻,武内英树,德永友一,武内英树,110分钟,7.3,3.65,8817,https://www.douban.com/doubanapp/dispatch?uri=/movie/36248012
tt000129,接近终点,接近终点,2025,父亲Sergi López带着儿子深入摩洛哥南部山区，闯入一场锐舞派对寻找数月前在此类永不停歇的迷幻狂欢中失踪的女儿兼妹妹Mar。置身于电子音乐轰鸣与陌生而原始的自由氛围中，他们不断向人递出Mar的照片。希望日渐渺茫，却仍追随一群锐舞者奔赴沙漠中的终极派对。当父子俩深入灼热荒原，这场追寻之旅终将迫使他们直面自身的局限。,剧情,奥利维尔·拉克谢,圣地亚哥·菲洛尔 / 奥利维尔·拉克谢,奥利维尔·拉克谢,115分钟,8.0,4.0,769,https://www.douban.com/doubanapp/dispatch?uri=/movie/35409362
tt000130,雷诺阿,雷诺阿,2025,影片用细腻的笔触描绘了11岁少女在1987年的夏天发生的故事，忙于工作的母亲，生病住院的父亲。处在孩子和大人之间淡淡的分界线上飘荡的少女，一边窥视着大人的世界，一边感受到人们内心的痛苦。对死亡的好奇心和恐惧，活着是无可奈何的寂寞，渴求被人温暖。高兴、 开心、寂寞、恐惧、哀伤，从少女的视角浮现出各种各样的情感的闪光。,剧情,早川千绘,早川千绘,早川千绘,116分钟,6.6,3.3,1833,https://www.douban.com/doubanapp/dispatch?uri=/movie/36657639
tt000131,放大镜,放大镜,2024,曼纽尔带着母亲回到了他们位于中产阶级社区的老家。普里亚达希尼和她的朋友们怀疑他的意图，开始收集线索，确信他可能隐藏着什么不可告人的秘密。,惊悚,Mc Jithin,Mc Jithin / Athul Ramachandran / Libin T.B.,Mc Jithin,142分钟,6.6,3.3,1474,https://www.douban.com/doubanapp/dispatch?uri=/movie/37130756
tt000132,误判,误判,2024,一起贩毒冤案让被告人面临27年牢狱之灾，曾是干探的检控官霍子豪（甄子丹 饰）凭其敏锐触觉和执着，抽丝剥茧展开调查，明面上的口舌之争，暗地里的殊死搏斗一触即发，最终庭审日在即，霍子豪能否击碎不公，极限翻案？,剧情 / 动作 / 犯罪,甄子丹,黄子桓,甄子丹,118分钟,6.9,3.45,106020,https://www.douban.com/doubanapp/dispatch?uri=/movie/36401937
tt000133,糟糕的夏天,糟糕的夏天,2025,本片改编自同名小说，讲述了主人公·公务员·佐佐木在市政府认真工作，却因为一个偶然的契机被卷入意想不到的犯罪行为。非法领取生活保障的小混混，在贫困中挣扎的单身母亲，图谋进入东京的地方流氓等人，不断加速着产生负面连锁反应，将主人公推向了凄厉的悲剧。,剧情 / 悬疑 / 犯罪,城定秀夫,向井康介 / 染井为人,城定秀夫,114分钟,6.3,3.15,969,https://www.douban.com/doubanapp/dispatch?uri=/movie/36907763
tt000134,无痛凯恩,无痛凯恩,2025,内森·凯恩（杰克·奎德 Jack Quaid 饰）过着普通的生活，而在平常的外表之下，他有着不寻常的病症——感受不到疼痛。从身上拔下一颗子弹头、被人拳打脚踢、把手放进滚烫的水中、徒手接刺刀……这些致命伤对凯恩来说都不痛不痒，而意外失去女友（安伯·明迪桑德 Amber Midthunder 饰）让他彻底心痛，心中的怒火让他决定复仇，利用没有疼痛的“超能力”与对手抗衡。,喜剧 / 动作 / 惊悚,罗伯特·奥尔森 / 丹·伯克,拉尔斯·雅各布森,罗伯特·奥尔森 丹·伯克,110分钟,6.2,3.1,11870,https://www.douban.com/doubanapp/dispatch?uri=/movie/36618568
tt000135,隐藏的面孔,隐藏的面孔,2024,指挥家成镇（宋承宪 饰）和他所率领的管弦乐团内的大提琴手秀妍（曹汝贞 饰）即将结婚，但某天秀妍突然消失了，只留下了一段视频向成镇道别。失去秀妍的成镇虽然感到很痛苦，但他却被代替秀妍的大提琴手美珠（朴智贤 饰）所吸引。某个雨夜，渴望彼此的成镇和美珠，在秀妍家做了无法被原谅的事，而被认为消失的秀妍，竟被关在无法独自逃脱的家中密室里，注视着他们……,剧情 / 悬疑,金大佑,洪恩美 / 哈特姆·科莱切 / 鲁德,金大佑,115分钟,6.3,3.15,26015,https://www.douban.com/doubanapp/dispatch?uri=/movie/35681325
tt000136,恩佐,恩佐,2025,青涩的十六岁少年艾素不知自己想要什么，却清楚自己不要什么：父母享受的中产生活、哥哥向往的名校前途。砌砖建墙，朴拙的体力劳动，来得实实在在；乌克兰工友结实肉体散发阳刚与温柔，单纯的存在感，更呼唤原始欲望的悸动。《课室风云》金棕榈奖得主罗伦康堤未及开镜因病离世，长期拍档兼《心动120》导演罗宾金比路接手完成遗愿。两种异质感性交叠，轻抚少年躁动的脉搏，将混沌、渴望、矛盾与汗水一同挥发于青空下，为康堤谱出美丽的天鹅之歌。,剧情 / 同性,罗宾·坎皮略,罗宾·坎皮略 / 劳伦·冈泰 / 吉勒·马尚,罗宾·坎皮略,102分钟,7.2,3.6,476,https://www.douban.com/doubanapp/dispatch?uri=/movie/36872972
tt000137,望向太阳,望向太阳,2025,Alma、Erika、Angelika和Lenka四位少女——各自在同一座德国北部农庄度过青春岁月。这座宅邸历经百年沧桑，斑驳墙垣间萦绕着往昔的回响。虽身处不同时空，她们的命运轨迹却产生了奇妙的交叠呼应。,剧情,玛莎·施林斯基,路易丝·彼得 / 玛莎·施林斯基,玛莎·施林斯基,149分钟,6.5,3.25,1138,https://www.douban.com/doubanapp/dispatch?uri=/movie/36678301
tt000138,黑袋行动,黑袋行动,2025,"唯有间谍，才能追捕间谍。
特工乔治·伍德豪斯（迈克尔·法斯宾德 Michael Fassbender 饰）的妻子凯瑟琳（凯特·布兰切特 Cate Blanchett 饰）被怀疑背叛国家，乔治面临着终极考验——对婚姻还是国家忠诚。",剧情 / 爱情 / 悬疑 / 惊悚,史蒂文·索德伯格,大卫·凯普,史蒂文·索德伯格,93分钟,6.0,3.0,7863,https://www.douban.com/doubanapp/dispatch?uri=/movie/36739635
tt000139,火锅艺术家,火锅艺术家,2025,东北小伙李如意（崔志佳 饰）的导演事业遭逢变故，还被债主七哥（乔杉 饰）上门催债，无奈之下找到好兄弟张磊（魏翔 饰）、贾总（艾伦 饰）借钱却遭戏精式婉拒，就在穷途末路之时李如意施展厨艺天赋，摇身一变成为火锅届“扛把子”，带领一众小弟誓要赢得“火锅争霸赛”的百万奖金！在登顶之路上，李如意与老丈人袁飞（张琪 饰）、竞争对手陈华柳（于洋 饰）、倒霉伙计小天（宋小宝 饰）开展了一系列啼笑皆非的花式PK，最终冠军究竟花落谁家？李如意是否会继续在火锅届大展拳脚？抓马人生等待解锁……,喜剧,崔志佳,崔志佳 / 张冠男,崔志佳,98分钟,6.3,3.15,61549,https://www.douban.com/doubanapp/dispatch?uri=/movie/36620952
tt000140,剑道尘心,斗罗大陆剧场版,2025,斗罗最终战的二十年前，武魂殿曾阴谋一统整个魂师界，吞并所有宗门，七宝琉璃宗首当其冲，陷入危难，骨斗罗带着宗门少主—五岁的宁荣荣请剑斗罗出山相救，于是剑斗罗尘心带上小荣荣踏上了一条生死逃亡路，然而他们所不知的是，这条路的背后竟是一场将会影响斗罗大陆的巨大阴谋……,动画,金蕾,马华 / 郑瑛璐 / 蔡奕星 / 王子悦 / 屈亦张,金蕾,92分钟,8.3,4.15,5551,https://www.douban.com/doubanapp/dispatch?uri=/movie/37000932
tt000141,值班警官,值班警官,2025,"一名被降职的警督调查一起假冒珠宝案件，并因此陷入危险的犯罪网络，生命受到威胁。
《值班警官》是一部惊心动魄的犯罪电影，将调查与情感剧无缝交织在一起。这部电影由 Jeethu Ashraf 执导，Kunchacko Boban 主演，探讨了家庭、复仇和作为一名警官的心理斗争。Kunchacko Boban 的表演非常出色，为他的角色增添了层次感，而 Priyamani 和 Visakh Nair 则为他提供了优质的支持。这部电影以其紧张的环境和引人入胜的情节让你着迷，音频设计非常出色，营造出巨大的紧张感并提升了这些场景的情感冲击力。
虽然电影的前半部分充满动作和悬念，但后半部分可以缩短一点，因为有些场景是重复的。但动作场面仍然引人入胜，电影摄影非常出色，保持了视觉效果的趣味性。总的来说，《值班警官》是一部非常值得一看的电影，表演精彩，犯罪、家庭剧和动作...",动作 / 惊悚 / 犯罪,Jithu Ashraf,夏希·卡比尔,Jithu Ashraf,134分钟,7.0,3.5,1706,https://www.douban.com/doubanapp/dispatch?uri=/movie/37283593
tt000142,制暴：无限杀机,制暴：无限杀机,2025,影片改编自查克·迪克逊所著同名系列小说，主人公莱文·凯德（杰森·斯坦森 Jason Statham 饰）是黑色行动界的传奇人物，他放弃职业从事建筑工作，想过简单的生活，做女儿的好父亲，而当他老板的十几岁女儿珍妮突然消失后，莱文被召回要求重操旧业。在追踪过程中，莱文卷入到 一个邪恶的犯罪阴谋的中心，产生了连锁反应，将威胁到他的新生活方式。,动作 / 惊悚,大卫·阿耶,查克·狄克逊 / 西尔维斯特·史泰龙 / 大卫·阿耶,大卫·阿耶,116分钟,5.5,2.75,30072,https://www.douban.com/doubanapp/dispatch?uri=/movie/33415953
tt000143,只此青绿,只此青绿,2024,一位现代文物研究员（谢素豪 饰）在《千里江山图》即将展出之际潜心钻研，跨越九百余年时空走入北宋少年画家希孟（张翰 饰）的内心，目睹了希孟呕心沥血忘我创作，与无数劳动者携手，历尽千辛万苦创作出传世画卷的历程。,剧情 / 歌舞 / 历史,周莉亚 / 韩真,徐珺蕊,周莉亚 韩真,89分钟,8.2,4.1,30541,https://www.douban.com/doubanapp/dispatch?uri=/movie/36401998
tt000144,河边有个好地方,河边有个好地方,2025,诗牛牛（张蒙鑫 饰）是班里不折不扣的刺头，经常跟同学和老师对着干，周围人对他愈发失去信心。毛叶（刘祐榕 饰）在班上向来沉默寡言，只专心在自己的本子上涂涂画画，也因此被班上同学排挤。一次巧合将两位被边缘化的孩子安排到同一个“特殊雅座”上，因此建立了深厚的友谊。恰逢校长的表妹粉提老师（刘盼 饰）要完成硕士毕业论文，需要实地调研学生的心理状态，两位“问题少年”进入她的视野，旁人眼里无药可救的差生，却有着不为人知的闪光点……,剧情 / 儿童,张忠华,张忠华,张忠华,91分钟,7.4,3.7,3114,https://www.douban.com/doubanapp/dispatch?uri=/movie/36404113
tt000145,与鬼怪们的平静生活,与鬼怪们的平静生活,2024,The film is made up of stories about the residents of a small inland town where believing in paranormal activity is fully accepted.,喜剧 / 奇幻,恩里克·布利奥,恩里克·布利奥,恩里克·布利奥,88分钟,7.1,3.55,1110,https://www.douban.com/doubanapp/dispatch?uri=/movie/36676136
tt000146,听说,听说,2024,影片翻拍自由彭于晏、陈意涵、陈妍希主演的华语电影《听说》，讲述一个摩托外送骑手爱上了一个有听力障碍的年轻女孩，他们将自己比作水鸟和树木，试图冲破感情中的障碍，追逐自己的梦想并让感情进一步发展的故事。,剧情 / 爱情,赵善浩,罗载元 / 郭庆允 / 赵善浩,赵善浩,109分钟,7.5,3.75,5004,https://www.douban.com/doubanapp/dispatch?uri=/movie/36409554
tt000147,爸爸,爸爸,2024,"失去了家人的阮永年（刘青云 饰）如常回到茶餐厅开店，让自己感觉一切依旧，他生活在回忆的日常里⋯⋯发妻金燕（谷祖琳 饰）准备早餐的厨房，儿子厚明（苏文涛 饰）玩网络游戏的电脑桌，女儿厚恩（熊诺颐 饰）收养的三色猫“三花”，还有一家人共进晚餐的快乐谷茶餐厅，仿佛那一夜从未将一切吞噬。血缘的摰亲夺走了生命的挚爱，永年既无法憎恨生者，更无法忘记逝者，唯有回忆与幻想相濡以沫，让永年在迷茫的生活中找到一些真实感，纵与儿子一窗之隔，永年比以往更努力活得像一个“爸爸”。 父与子，这段窒息的关系会否迎来长夜尽头，成为彼此活着的救赎？
影片改编自2010香港荃湾享和街弑亲案。",剧情,翁子光,翁子光,翁子光,131分钟,7.3,3.65,2181,https://www.douban.com/doubanapp/dispatch?uri=/movie/36315000
tt000148,虎毒不,虎毒不,2024,"三十五歲的淑貞和丈夫及老爺奶奶一起住在新界近郊，並在一家廉價麵包店當麵包師傅。她一直過着平凡的生活，直至誕下了一雙龍鳳胎，人生漸漸起了變化。
成為母親為她帶來了各種壓力。丈夫從不主動參與育兒，即使同在卻如同缺席。儘管有一份全職工作，淑貞仍被理所當然地視為孩子們不分晝夜的主要照顧者，也因此是寶寶們發育不良、整天哭鬧時問責的對象。她和婆家因育兒方式及男女觀念而常有衝突。產後的各種身體變化亦令她煩惱不堪。當她因為照顧孩子而失去了她所熱愛的工作時，她的世界崩塌了起來。
她努力想要成為「好媽媽」，卻在過程中不知不覺地被蠶食得只剩空殼。她沒法堅持下去了，她迫切地尋找一個即時的出口，即使那是通往悲劇的出口。",剧情,陈小娟,陈小娟,陈小娟,112分钟,7.6,3.8,1578,https://www.douban.com/doubanapp/dispatch?uri=/movie/35211944
tt000149,禁忌童话,禁忌童话,2025,讲述一位有抱负的公务员兼儿童故事作家（朴智炫 饰演）故事，毕业后梦想写儿童故事，但被分配到青少年保护队，被迫每天看色情片。更糟糕的是，他被迫写一部成人网络小说。,喜剧,李钟奭,未知,李钟奭,109分钟,6.2,3.1,6117,https://www.douban.com/doubanapp/dispatch?uri=/movie/36427189
tt000150,诺斯费拉图,诺斯费拉图,2024,影片讲述了一个哥特故事，被鬼附身的年轻女子艾伦·亨特（莉莉-罗丝·德普 饰）和迷恋她的可怕的吸血鬼伯爵（比尔·斯卡斯加德 饰）之间的痴恋，造成了难以言喻的恐怖。,悬疑 / 恐怖 / 奇幻,罗伯特·艾格斯,罗伯特·艾格斯,罗伯特·艾格斯,132分钟,5.9,2.95,13192,https://www.douban.com/doubanapp/dispatch?uri=/movie/26596871
tt000151,适合我的酒店,适合我的酒店,2024,新晋作家中岛加代子凭借出色的作品赢得了新人奖，却遭到文坛大前辈东十条宗则的严厉批评，导致出版计划泡汤。心怀不甘的加代子决定展开复仇。她入住了文豪们钟爱的山上酒店，发现东十条就住在自己楼上的房间。在大学前辈、现任编辑远藤的协助下，她开始不断干扰东十条的写作。在这场文学对决中，加代子能否逆风翻盘，重返文坛？本片改编自柚木麻子的同名小说。,剧情,堤幸彦,川尻恵太,堤幸彦,99分钟,7.1,3.55,4669,https://www.douban.com/doubanapp/dispatch?uri=/movie/36919152
tt000152,毒劫,毒劫,2025,一场毒品交易出了差错，某位政客关系疏远的儿子因而陷入危险。为了救他，一名受创的警探必须游走犯罪世界。过程中，他渐渐发觉掌控这座城市的幕后势力，揭开由贪污与阴谋交织而成的复杂网络。,剧情 / 动作 / 悬疑 / 惊悚 / 犯罪,加雷斯·埃文斯,加雷斯·埃文斯,加雷斯·埃文斯,105分钟,5.7,2.85,9232,https://www.douban.com/doubanapp/dispatch?uri=/movie/35367384
tt000153,不说话的爱,不说话的爱,2025,聋人小马 （张艺兴 饰）和女儿木木（李珞桉 饰）彼此为伴，小孩姐木木是家里的“顶梁柱”，替爸爸和外界沟通，帮爸爸接活赚钱。然而随着木木的长大，她必须要融入听人的世界，两人形影不离的生活即将被打破。就在此时，一个专门利用聋人犯罪的团伙盯上了小马，爱女心切的他一步步被骗入了犯罪的深渊.....,剧情,沙漠,付丹迪,沙漠,111分钟,6.9,3.45,60753,https://www.douban.com/doubanapp/dispatch?uri=/movie/35907663
tt000154,隔空投送,隔空投送,2025,"维奥莱特（梅格翰·法伊 Meghann Fahy 饰）是一名多年来第一次约会的寡妇和单亲妈妈，她来到约会地点的一家高级餐厅之后，就因为她的约会对象亨利（布兰登·斯克莱纳 Brandon Sklenar 饰）比她预期中更有魅力和更帅气感到非常高兴。但是随着一连串的匿名讯息开始陆续传送到她的手机，维奥莱特就从一开始的烦躁逐渐陷入恐惧，而这两人之间原本擦出的火花也开始冷却下来。
后来她收到指示不准把这件事告诉任何人，而且必须遵守匿名讯息的指令，否则她透过手机上的家用监视器看到的帽T神秘人物就会杀死维奥莱特年幼的儿子以及正在当他保姆的姐姐。维奥莱特必须完全按照指令行动，否则她所爱的每个人都会死去，而一直在无形中折磨她的神秘人物最后的指令又是什么？杀死亨利。",剧情 / 悬疑 / 惊悚,克里斯托弗·兰登,吉莉安·雅各布斯 / 克里斯托弗·罗奇,克里斯托弗·兰登,95分钟,5.6,2.8,7102,https://www.douban.com/doubanapp/dispatch?uri=/movie/36787874
tt000155,狮子王：木法沙传奇,狮子王：木法沙传奇,2024,讲述远在辛巴诞生之前，他的父亲——年轻的木法沙与亲如兄弟的塔卡（刀疤），如何邂逅一群个性迥异的卓越伙伴，并共同踏上寻找荣耀王国的冒险征程。影片将逐一揭开两位狮兄弟与睿智的山魈巫师拉飞奇、自信勇敢的母狮莎拉碧、以及爱唠叨的红嘴犀鸟沙祖各自的起源故事，展现他们如何迎接来自敌人、同伴以及内心的重重考验。这场穿越广袤草原的命运抗争之旅，注定将成就一代伟大的狮王，亦将见证一对兄弟反目的悲剧宿命，最终谱写出荣耀大地生生不息的传奇，再次叩响生命循环的永恒主题。,剧情 / 动画 / 歌舞 / 奇幻 / 冒险,巴里·詹金斯,杰夫·内桑森,巴里·詹金斯,119分钟,6.6,3.3,31948,https://www.douban.com/doubanapp/dispatch?uri=/movie/35212342
tt000156,人偶之家,人偶之家,2025,故事主角是失去五岁女儿芽衣的铃木佳惠（长泽雅美）和丈夫忠彦（濑户康史）。沉浸在悲伤中的佳惠，在古董市场找到一个与芽衣非常相似的可爱洋娃娃，并开始呵护它，逐渐恢复了活力。但是，佳惠和忠彦有了新的女儿真衣之后，两人就不再关注这个洋娃娃了。渐渐地，五岁大的真衣开始和洋娃娃玩耍，这个家庭接二连三地发生奇怪的事情。佳惠他们试图摆脱这个洋娃娃，但无论扔掉还是供奉，这个洋娃娃却莫名其妙地回来了！洋娃娃隐藏的秘密是什么？以及即将揭开的震撼真相是什么——！,恐怖,矢口史靖,矢口史靖,矢口史靖,110分钟,7.9,3.95,1533,https://www.douban.com/doubanapp/dispatch?uri=/movie/37134889
tt000157,魔法蓝精灵,魔法蓝精灵,2025,蓝精灵村庄每日载歌载舞一片欢乐，直到蓝爸爸（约翰·古德曼 John Goodman 配音）被格格巫绑架打破了平静，蓝妹妹（蕾哈娜 Rihanna 配音）带领蓝精灵勇闯现实世界，用魔法和智慧开启冒险。,喜剧 / 动画 / 奇幻 / 冒险,克里斯·米勒,帕姆·布雷迪,克里斯·米勒,90分钟(中国大陆),6.0,3.0,1999,https://www.douban.com/doubanapp/dispatch?uri=/movie/35929770
tt000158,久别·重逢,久别·重逢,2024,"那年盛夏，少女夏文萱（许恩怡 饰）与少年苏升华（陈卓贤 饰），因一张唱片相遇，但对这段青涩的爱情，不知能走多远……
多年后，已成为音乐人的苏升华（郑伊健 饰），在人生低谷时，意外重逢夏文萱（蔡思韵 饰）。被病困的夏文萱心痛眼前苏升华变化如此，决定为他送上最后礼物，希望这段旅程能让他找到人生改变……",剧情 / 爱情 / 奇幻,梁礼彦,梁礼彦,梁礼彦,106分钟,6.6,3.3,1402,https://www.douban.com/doubanapp/dispatch?uri=/movie/36478198
tt000159,此心安处,此心安处,2024,影片改编自理查德·麦圭尔同名漫画。这是一部关于百年间多个家庭分别住进了同一间房子后发生的一系列关于爱、失落、欢笑和泪水的故事。影片横跨时间长河，以极其特殊的视角捕捉到了最纯粹的人类体验，有生活教科书般的温馨，也有白日梦想家般的无限向往，有婚姻经营者的无奈，通过104分钟向观众呈现出一幕幕百年家庭众生相。,剧情,罗伯特·泽米吉斯,埃里克·罗思 / 罗伯特·泽米吉斯 / 理查德·麦奎尔,罗伯特·泽米吉斯,104分钟,7.4,3.7,13419,https://www.douban.com/doubanapp/dispatch?uri=/movie/35782224
tt000160,地下忍者,地下忍者,2025,本片改编自花泽健吾的同名漫画，讲述了曾经辉煌一时的日本忍者，在战后被GHQ解散组织而消失，不过，他们潜伏在世界的所有机关，现代也暗中活动着，据说人数约为20万人。但基层忍者经常找不到工作，其中之一的云隐九郎（山崎贤人 饰）隶属忍者组织“NIN”的末端忍者（下忍），过着与啃老族无异的生活。一天，闲得发慌的他被判了一项重大的“忍务”，那就是调查战后70多年来一直潜入地下的某个组织的动向，其名为——“地下忍者”。忍术、智谋、最新科技等驱使了一切，从未有过的战斗现在开始。,剧情 / 喜剧 / 动作,福田雄一,福田雄一 / 花泽健吾,福田雄一,123分钟,5.6,2.8,1816,https://www.douban.com/doubanapp/dispatch?uri=/movie/36838213
tt000161,海洋奇缘2,海洋奇缘2,2024,在祖灵突如其来的呼唤之下，莫阿娜（奥丽伊·卡瓦洛 Auli'i Cravalho 配音）、毛伊（道恩·强森 Dwayne Johnson 配音）和新船员们将启程航向大洋洲的彼端，一路深入危险未知的海域，面对一场前所未见的新冒险。,喜剧 / 动画 / 歌舞 / 奇幻 / 冒险,小戴夫·德里克 / 杰森·汉德 / 达娜·莱杜克斯·米勒,杰拉德·布什 / 达娜·莱杜克斯·米勒 / 贝克·史密斯 / 布莱森·春,小戴夫·德里克 杰森·汉德 达娜·莱杜克斯·米勒,100分钟,6.7,3.35,35892,https://www.douban.com/doubanapp/dispatch?uri=/movie/36768946
tt000162,误杀3,误杀3,2024,郑炳睿（肖央 饰）的宝贝女儿婷婷众目睽睽之下，遭神秘绑匪绑架，始终陪伴父女左右的李慧萍（佟丽娅 饰）与他一同展开救女行动。但狡诈绑匪轻松躲避警方负责人张景贤（段奕宏 饰）的密集追捕，更将救女心切的郑、李二人玩弄于股掌之间。绝望间，郑炳睿选择走上了一条通往地狱的救女之路，纵使化身“修罗”也不能放过伤害自己女儿的恶徒！殊不知一场更大的阴谋正在悄然展开，所有卷入其中的人都无法逃脱。,剧情 / 悬疑 / 犯罪,甘剑宇,陈思诚 / 武皮皮 / 李鹏 / 胡小楠,甘剑宇,109分钟,6.0,3.0,205136,https://www.douban.com/doubanapp/dispatch?uri=/movie/35815771
tt000163,砖墙谜攻,砖墙谜攻,2025,蒂姆和奥利维娅醒来后发现自己被困在公寓里，四周突然出现了一道坚不可摧、未来感十足的墙……而且他们并不孤单，整栋大楼和所有住户似乎都被封闭了起来。在无法获得外界援助的情况下，他们必须团结起来寻找出路。他们能及时解开这堵墙背后的谜团，并活下来吗？,剧情 / 科幻 / 悬疑 / 惊悚,菲利普·科赫,菲利普·科赫,菲利普·科赫,99分钟,5.4,2.7,3362,https://www.douban.com/doubanapp/dispatch?uri=/movie/36827697
tt000164,焚城,焚城,2024,"危险物质突发泄漏！24小时后危及香港全城。
如何及时阻止这场末日灾难，专家范伟立（刘德华 饰）与Cecilia（莫文蔚 饰）各执一词。同时，消防队长黎杰峰（白宇 饰）和队友已奉命奔赴未知前线。
随着末日的逼近，富商的黑色利益链也逐渐浮出水面，独享财富却要平摊灾难，这次危机究竟要如何才能化解？",剧情 / 动作 / 灾难,潘耀明,麦天枢 / 岑君茜 / 王颖瑶 / 杜瑞榕 / 辛雅,潘耀明,136分钟,6.8,3.4,126748,https://www.douban.com/doubanapp/dispatch?uri=/movie/36421884
tt000165,普通事故,普通事故,2025,只是一场意外，却又超乎意外。驾车撞死一条狗，男子与妻女来到陌生车房。凭其义肢走动时的声响，车房工认出司机或是当年施酷刑的狱吏。仇人送上门，雪恨更待何时。然而，狱中受折磨时双眼被蒙，嫌疑犯是行刑者确实无误？从早到晚奔波一轮，找来几个狱友确认俘虏身份，痛苦回忆涌上心头。在无 垠沙漠等待把他活埋私了，有若在人性荒原等待果陀，替天行道又是否问心无愧？以悬疑惊栗布局，暗黑写实的人物故事来自巴纳希狱中亲见亲闻，将苛政、滥权、以暴易暴一一置于道德伦理的天秤上，丈量人性轻重；悲愤中不失幽默，连消带打贪污贿赂之风。一面金棕榈奖，绝非意外。,动作 / 惊悚 / 犯罪 / 冒险,贾法·帕纳西,贾法·帕纳西,贾法·帕纳西,101分钟,7.6,3.8,837,https://www.douban.com/doubanapp/dispatch?uri=/movie/37247238
tt000166,黑煞女,黑煞女,2025,Panor是个年轻的处女生活在一个偏远的村庄中，只因为在她出生的那天村里有人举行了一场黑魔法的仪式，导致所有人都瞧不起她，认为她是不祥之兆，任何靠近她的人都会遭受诅咒。,剧情 / 惊悚 / 恐怖,普蒂蓬·塞西甲,普蒂蓬·塞西甲 / 纳塔波特·波楚姆尼安 / Nattamol Paethanom,普蒂蓬·塞西甲,124分钟,6.0,3.0,2172,https://www.douban.com/doubanapp/dispatch?uri=/movie/37090014
tt000167,喜宴(新版),喜宴(新版),2025,"讲述一群彼此选择为家人的朋友，如何在家庭期待、酷儿身份与文化认同的冲突中，经历各种意外与感动。
安琪拉（凯莉·玛丽·陈 饰）与伴侣李（莉莉·格莱斯顿 饰）因试管婴儿疗程屡屡失败，却无力负担新的疗程费用。而他们的好友珉（韩基灿 饰），虽是跨国企业家族的隐藏继承人，坐拥丰厚财富，却因学生签证即将到期而陷入困境。当他的男友克里斯（杨伯文 饰）拒绝求婚后，珉灵机一动，向安琪拉提出一桩交易——只要她愿意与他假结婚，助他取得绿卡，他便资助李的试管婴儿费用。
然而，他们原本打算低调进行的计划，却因珉的奶奶（尹汝贞 饰）突然从韩国飞来探访而彻底失控。这位精明的老夫人不仅对孙子的婚事半信半疑，还坚持要为他们办一场盛大的传统婚礼，让这场“交易”瞬间变成一场盛大而混乱的囍宴。随着婚礼逼近，两对情侣的感情与关系也面临前所未有的挑战——当承诺、家人与自我认同交织在一起，他们是...",喜剧 / 爱情 / 同性,安德鲁·安,安德鲁·安 / 詹姆斯·夏慕斯,安德鲁·安,102分钟,5.2,2.6,3226,https://www.douban.com/doubanapp/dispatch?uri=/movie/36869044
tt000168,剧场版,在长椅上,2024,"河畔的绿茵丛中静静伫立着一张长椅。某个黄昏时分，这对久别重逢的青梅竹马在狭小的座椅上并肩而坐。他们交换着欲言又止却饱含温情的话语，细碎的话语间流淌着难以言明的微妙情愫。
这张承载着故事的长椅见证着人间百态：谈分手的情侣遭遇醉汉搅局，离家出走的姐姐与追寻而来的妹妹在此相逢，市政厅职员正谋划着拆除这座承载记忆的公共设施。
本片以一张长椅为原点，用多线交织的长篇叙事捕捉当代都市人稍纵即逝的生命片段，在方寸之间勾勒出浮世众生的情感光谱。",剧情,奥山由之,莲见翔 / 根本宗子 / 奥山由之 / 生方美久,奥山由之,86分钟,8.0,4.0,1597,https://www.douban.com/doubanapp/dispatch?uri=/movie/37037753
tt000169,志愿军：存亡之战,志愿军：存亡之战,2024,"影片聚焦铁原阻击战。1951年5月，中国人民志愿军第63军刚刚结束了持续一个月的作战，就受命进驻铁原战场，正面对抗“联合国军”4个师。志愿军将士们浴血奋战，终于把敌军打上了谈判桌。
为了完成任务，63军189师的战士化整为零，把自己变成一根钉子，牢牢钉在阵地上。
1营阵地上，身为营教导员的李想（朱一龙 饰）立下“一步也不会再退”的誓言，死守阵地。
炮火连天中，李默尹（辛柏青 饰）一家三口在战场上团聚，一把钥匙，一顿战壕中的团圆饭，让这个因战争分离的小家更为亲密。
为了给新中国造出更好的武器，归国军工专家吴本正（朱亚文 饰）在张孝恒（欧豪 饰）的保护下进入战场。身为警卫员的张孝恒坚信，守住了吴本正，就是守住了祖国的未来。
孙醒（陈飞宇 饰）、杨三弟（张宥浩 饰）也纷纷来到铁原。63军全体将士一起，在铁原战场上筑成了一道冲不破的“铁长城”！",剧情 / 历史 / 战争,陈凯歌,陈凯歌 / 张珂,陈凯歌,144分钟,6.7,3.35,149009,https://www.douban.com/doubanapp/dispatch?uri=/movie/36296618
tt000170,隔楼女孩：我们之间的层距,隔楼女孩：我们之间的层距,2025,讲述了两名警察的女儿Jane和Ann之间的爱情与友情的故事。随着Jane即将搬离她成长的警察公寓，许多回忆涌上心头，这些回忆中包括了她与刚搬进公寓的年轻警察Don以及她暗恋的女孩Ann之间的情感纠葛，一些隐藏已久的秘密也随之浮出水面。,剧情 / 爱情 / 同性,吉拉萨雅·旺舒廷,吉拉萨雅·旺舒廷,吉拉萨雅·旺舒廷,130分钟,7.4,3.7,720,https://www.douban.com/doubanapp/dispatch?uri=/movie/35705765
tt000171,生命清单,生命清单,2025,亚历克斯·罗斯的母亲让她去完成童年的愿望清单时，她随之踏上了一段让人笑中带泪的旅程，并将在旅程中揭开家族秘密，收获爱情，并找到真正的自我。,剧情 / 喜剧 / 爱情,亚当·布鲁克斯,亚当·布鲁克斯 / Lori Nelson Spielman,亚当·布鲁克斯,123分钟,6.7,3.35,2282,https://www.douban.com/doubanapp/dispatch?uri=/movie/36708872
tt000172,致命录像带：超越,致命录像带：超越,2024,通过一部伪纪录片《未解之谜》五个故事娓娓道来：警察进入古宅寻找孩子遭遇神秘生物；一群印度狗仔队发现宝莱坞女星并非镜头般光鲜亮丽；几个朋友必须在遭遇外星人入侵之后与客机相撞的高空跳伞中幸存；动物权利组织闯进痛失爱犬的女士住宅后将经历至暗时刻；以及一位沙漠中的母亲调查莫哈韦沙漠幽浮飞船后成为飞船偷渡者……,恐怖,杰·齐尔 / 乔丹·唐尼 / 克里斯蒂安·朗 / 贾斯汀·朗 / 贾斯汀·马丁内兹 /  /  / 更多...,埃文·迪克森 / 乔丹·唐尼 / 迈克·弗拉纳根 / 克里斯蒂安·朗 / 贾斯汀·朗 /  /  /  /  /  / 更多...,杰·齐尔 乔丹·唐尼 克里斯蒂安·朗 贾斯汀·朗 贾斯汀·马丁内兹 维拉特·帕尔 凯特·西格尔,114分钟,6.4,3.2,10266,https://www.douban.com/doubanapp/dispatch?uri=/movie/36613461
tt000173,断魂小丑3,断魂小丑3,2024,在经历了小丑阿特的万圣节大屠杀后，西耶娜和她的兄弟正在努力重建他们破碎的生活。随着节日的临近，他们试图拥抱圣诞精神，把过去的恐怖抛在脑后。但就在他们以为自己安全的时候，小丑阿特回来了，决心把他们的节日欢乐变成一场新的噩梦。随着阿特释放出他扭曲的恐怖，节日很快就结束了，证明没有一个节日是安全的。,恐怖,达米安·利昂,达米安·利昂,达米安·利昂,125分钟,6.3,3.15,17294,https://www.douban.com/doubanapp/dispatch?uri=/movie/36221991
tt000174,红色一号：冬日行动,红色一号：冬日行动,2024,圣诞老人（J·K·西蒙斯 饰）被神秘绑架，北极安保主管（道恩·强森 饰）不得已与全世界最臭名昭著的赏金猎人（克里斯·埃文斯 饰）展开合作，他们寻遍全球、打遍天下，力求拯救圣诞节。,喜剧 / 动作 / 悬疑 / 冒险,杰克·卡斯丹,克里斯·摩根 / 海拉姆·加西亚,杰克·卡斯丹,123分钟,5.8,2.9,26289,https://www.douban.com/doubanapp/dispatch?uri=/movie/35516034
tt000175,痴人之爱,痴人之爱,2024,本作的主人公是河合譲治，他是一名曾在剧本比赛中获奖但至今未能正式出道的剧作家。故事从他在一家萧条的酒吧遇到一位自称为直美的女性开始展开。某天，譲治代替剧本课程的讲师，接下了改编自谷崎润一郎的《痴人之爱》的电影剧本创作任务。在创作过程中，譲治苦于写作瓶颈，与直美再次相遇并在关系逐渐加深中，经历了一段既甜蜜又苦涩且疯狂的时光。,剧情,井土纪州,小谷香织,井土纪州,106分钟,5.8,2.9,1081,https://www.douban.com/doubanapp/dispatch?uri=/movie/37070561
tt000176,再帮个小忙,再帮个小忙,2025,史蒂芬妮·斯莫瑟斯（安娜·肯德里克 Anna Kendrick 饰）和爱蜜莉·尼尔森（布蕾克·莱弗利 Blake Lively 饰）在美丽的意大利卡普里岛重逢，参加爱蜜莉与意大利富商（米凯莱·莫罗尼 Michele Morrone 饰）的奢华婚礼。婚礼现场，一众衣着光鲜的客人举杯相庆，期间却有人离奇遇害和惨遭背叛。剧情一波三折，好比从大港通向卡普里镇广场的蜿蜒小路。,喜剧 / 悬疑 / 惊悚 / 犯罪,保罗·费格,达塞·贝尔 / 杰西卡·沙泽尔 / 莱塔·卡罗格里迪斯,保罗·费格,120分钟,5.6,2.8,5353,https://www.douban.com/doubanapp/dispatch?uri=/movie/35900116
tt000177,“骗骗”喜欢你,“骗骗”喜欢你,2024,打工女孩林晴朗（金晨 饰）被渣男张子骏（王皓 饰）欺骗，一夜之间甜蜜誓言变成201314元巨额债务。诈骗头子欧阳晖（孙阳 饰）的意外出现，给林晴朗的生活带来新的转机，两人联合“碰碰车车神”董晓惠（李雪琴 饰）、“骗场老炮”柏仕通（王耀庆 饰）设局开团，与张子骏斗智斗勇。一对“欢喜冤家”，一队“骗子天团”，一场“骗爱游戏”，结局将何去何从……,喜剧 / 爱情,苏彪,杨玉婷,苏彪,114分钟,6.4,3.2,172954,https://www.douban.com/doubanapp/dispatch?uri=/movie/36838707
tt000178,饥饿站台2,饥饿站台2,2024,一个神秘的领导者在站台上强制实施其统治，一个新居民卷入了反对这种备受争议的方法的斗争，反抗这一残酷的进食系统。但是，当从错误的盘子里进食就会招致死刑时，为挽救自己的生命，你愿意付出多大的努力？,科幻 / 惊悚 / 恐怖,加尔德·加兹特鲁·乌鲁蒂亚,大卫·德索拉 / 加尔德·加兹特鲁·乌鲁蒂亚 / 埃戈伊茨·莫雷诺 / 佩德罗·里韦罗,加尔德·加兹特鲁·乌鲁蒂亚,99分钟,5.6,2.8,28917,https://www.douban.com/doubanapp/dispatch?uri=/movie/36406672
tt000179,指环王：洛汗之战,指环王：洛汗之战,2024,影片改编自J·R·R·托尔金的经典巨著，故事设定在三部曲发生的200年前，讲述了洛汗国王“锤手”海尔姆家族的命运。当黑蛮地人领主伍尔夫为父复仇，发起猛烈攻势时，海尔姆和他的子民被迫退守到古老的号角堡要塞，这座堡垒日后被称为“海尔姆深谷”（也译作“圣盔谷”）。身处绝境之中，海尔姆的女儿赫拉奋力崛起，开始带领人民反抗这个意图彻底毁灭他们的致命敌人。,剧情 / 动作 / 动画 / 奇幻 / 冒险,神山健治,杰弗里·阿迪斯 / 威尔·马修斯 / 菲比·吉廷斯 / 阿尔蒂·帕帕乔治乌,神山健治,134分钟,6.1,3.05,9540,https://www.douban.com/doubanapp/dispatch?uri=/movie/35493148
tt000180,童心列车,童心列车,2024,1946 年，一个名叫阿梅里戈的七岁男孩离开那不勒斯贫困的家庭，乘火车前往北方的一个富裕家庭生活，这是战后拯救儿童贫困行动的一部分。,剧情 / 历史,克里斯蒂娜·科门奇尼,法里奥·安德烈奥蒂 / Viola Ardone / 吉利亚·卡伦达 / 克里斯蒂娜·科门奇尼 / Camille Duguay,克里斯蒂娜·科门奇尼,106分钟,7.6,3.8,1215,https://www.douban.com/doubanapp/dispatch?uri=/movie/36578173
tt000181,最爱今日天空，我却无法言明,最爱今日天空，我却无法言明,2024,每天都过着迷茫生活的大学生小西，和校内唯一的朋友山根和澡堂的打工伙伴打闹。 有一天下课，被团子头樱田端庄的样子所吸引，下定决心打招呼，机缘巧合下，两人很快一拍即合。 在对话不断的情况下，“我想每天都很开心。 我想我最喜欢今天的天空。”樱田不经意间说出的话刺痛了心。 奇怪的是，那句话和半年前去世的祖母的话一样。 就在这时，改变命运的冲击事件袭击了两个人。,剧情 / 爱情,大九明子,福徳秀介 / 大九明子,大九明子,127分钟,6.2,3.1,961,https://www.douban.com/doubanapp/dispatch?uri=/movie/37046033
tt000182,小雁与吴爱丽,小雁与吴爱丽,2024,小雁与Allie是两位长相一样的女人，一位为保护母亲而过失弑父；一位试图透过表演课理解人生。小雁服刑八年，刑满出狱后回到小镇，被邻里投以异样目光，人生无法重回正轨。当母亲的新男友醉后对母亲施暴，更让她感到命运似乎注定重演。当小雁和Allie的共同秘密被揭开，小雁能否彻底逃离悲剧命运？首度与妻子夏于乔合拍电影，更请来影后杨贵媚、曾国城等同场演出，配合多位曾获金马奖肯定的幕后班底，以镜像关系呈现母女之间的相爱相杀。如此相似的两母女，是不断重复的互相背叛，还是一辈子的陪伴和牵绊？,剧情,林书宇,林书宇,林书宇,108分钟,7.1,3.55,2579,https://www.douban.com/doubanapp/dispatch?uri=/movie/36117675
tt000183,苍茫的天涯是我的爱,苍茫的天涯是我的爱,2025,手持定制剧本，就能走上顶流之路？模范司机赵天涯（曾毅 饰）与一心想要爆火的Rapper于虹（周奇 饰）阴差阳错成为“师徒搭档”。于虹误以为赵天涯是MCN老板乌力吉（孙艺洲 饰）安排的真人秀NPC，误打误撞坐上老赵的大货车，由此踏上从内蒙古到湖南横跨5000公里的“送羊”闯关之旅。这一路，大开眼界。他们偶遇曼玉山庄董事长（柳岩 饰）慷慨解围，围观蒙古女孩Momo（王玉雯 饰）的绝美家族婚礼。在于虹以为自己即将走上人生巅峰之际，剧本走向却发生了天翻地覆的转变……,剧情 / 喜剧,陈孝良,陈孝良,陈孝良,108分钟,4.9,2.45,27687,https://www.douban.com/doubanapp/dispatch?uri=/movie/36978067
tt000184,回声谷,回声谷,2025,讲述女子凯特·加勒特因个人悲剧而摇摇欲坠，她在与世隔绝、风景如画的回声谷农场寄宿并训练马匹。一天深夜，她任性不羁的女儿克莱尔出现在家门口，惊恐颤抖、身上沾满了别人的血。一个母亲为了救她的孩子要付出多少？,剧情 / 惊悚,迈克·皮尔斯,布拉德·英格尔斯比,迈克·皮尔斯,104分钟,6.3,3.15,3047,https://www.douban.com/doubanapp/dispatch?uri=/movie/36303600
tt000185,BJ单身日记4,BJ单身日记4,2025,该片改编自原作小说的第三本，BJ此时五十岁出头，边适应着当代生活，边面对做母亲的责任。,剧情 / 喜剧 / 爱情,迈克尔·莫里斯,海伦·费尔丁 / 丹·马泽 / 艾比·摩根,迈克尔·莫里斯,124分钟,6.4,3.2,3989,https://www.douban.com/doubanapp/dispatch?uri=/movie/36848001
tt000186,浴火之路,浴火之路,2024,崔大路（肖央 饰）、李红樱（赵丽颖 饰）、赵子山（刘烨 饰），三位丢了孩子的父母因一桩交易而彼此牵连；他们眼里没魂儿，心中有恨，各怀目的，组局踏上寻子复仇之路，在蛮荒之地上演一场离奇又凶险的绝杀。,剧情 / 犯罪,五百,尚可,五百,126分钟,6.2,3.1,169643,https://www.douban.com/doubanapp/dispatch?uri=/movie/36211169
tt000187,粉丝来信,航海王,2024,故事讲述了顶上战争两年后的香波迪群岛上，娜美的小迷妹展开的一场小小冒险……本作改编自航海王官方外传小说《航海王 novel 草帽故事集》，小说描述了以一般人的角度来看待草帽海贼团成员们的短篇故事。,动作 / 动画 / 奇幻,石谷惠,丰田百香,石谷惠,25分钟,9.4,4.7,7257,https://www.douban.com/doubanapp/dispatch?uri=/movie/37069540
tt000188,角斗士2,角斗士2,2024,影片故事延续前作，路奇乌斯（保罗·麦斯卡 Paul Mescal 饰）童年时亲眼目击受万人景仰的英雄马克西蒙斯死于舅舅之手，多年后已长大成人的他，在暴君的铁腕统治下，被迫进入竞技场为生存而战。心中充满怒火的路奇乌斯，眼见罗马帝国的未来岌岌可危，决心讨回本属于他的权力和荣誉 ，还罗马人民一个辉煌的罗马。,剧情 / 动作 / 冒险,雷德利·斯科特,大卫·斯卡尔帕,雷德利·斯科特,148分钟,6.3,3.15,45998,https://www.douban.com/doubanapp/dispatch?uri=/movie/30368790
tt000189,那年圣诞不一样,那年圣诞不一样,2024,《那年圣诞不一样》改编自屡获殊荣的编剧兼导演理查德·柯蒂斯（《四个婚礼和一个葬礼》《诺丁山》《真爱至上》《昨日奇迹》）创作的迷人儿童读物三部曲，讲述了一系列关于爱与孤独、家人与朋友以及圣诞老人犯下大错的故事，火鸡更是要多少有多少！,喜剧 / 动画 / 家庭 / 奇幻 / 冒险,西蒙·奥托,理查德·柯蒂斯 / 彼得·苏特 / 安德鲁·道森 / 斯蒂夫·道森 / 蒂姆·因曼,西蒙·奥托,91分钟,7.2,3.6,2758,https://www.douban.com/doubanapp/dispatch?uri=/movie/35729390
tt000190,万王之王,万王之王,2025,查尔斯·狄更斯（肯尼思·布拉纳 配）给儿子瓦尔特·狄更斯（罗曼·格里芬·戴维斯 配）讲述一个故事，这场最初作为睡前故事的讲述，最终变成了一段改变人生的旅程。通过生动的想象，瓦尔特与耶稣（奥斯卡·伊萨克 配）并肩行走，见证奇迹。,剧情 / 动画 / 西部 / 奇幻,张诚浩,张诚浩 / 罗伯·爱德华兹 / Hoseok Sung / Jamie Thomason,张诚浩,100分钟,6.3,3.15,623,https://www.douban.com/doubanapp/dispatch?uri=/movie/35466485
tt000191,黑道中人,黑道中人,2025,罗伯特·德尼罗饰演两个角色：Vito Genovese和Frank Costello，两个不同的意大利黑道家族的老大，Genovese在1957年试图刺杀Costello，没杀了，但也导致了后者受伤并让出家族老大的位置。,剧情 / 传记 / 历史 / 犯罪,巴瑞·莱文森,尼古拉斯·派勒吉,巴瑞·莱文森,123分钟,6.6,3.3,1816,https://www.douban.com/doubanapp/dispatch?uri=/movie/36065333
tt000192,忍者蝙蝠侠大战极道联盟,忍者蝙蝠侠大战极道联盟,2025,蝙蝠侠与盟友从过去归来仅一天，就发现世界已非离开时的模样。整个日本岛不复存在，正义联盟的英雄们也集体消失。然而他们还没来得及理清头绪，更离奇的变故接踵而至——黑帮成员开始从天上纷纷坠落。,动作 / 动画 / 冒险,水崎淳平 / 高木真司,中岛一基,水崎淳平 高木真司,89分钟,7.5,3.75,3457,https://www.douban.com/doubanapp/dispatch?uri=/movie/36912440
tt000193,玉米地小丑,玉米地小丑,2025,一个日渐衰落的中西部小镇，曾经是成功象征的小丑弗兰多再次出现，并成为恐怖的祸害。,恐怖,艾利·克雷格,卡特·布兰查德 / 艾利·克雷格 / 亚当·切萨雷,艾利·克雷格,96分钟,5.6,2.8,2867,https://www.douban.com/doubanapp/dispatch?uri=/movie/36412909
tt000194,公务员与7个欺诈师,愤怒小队,2024,以徐仁国、秀英、马东锡出演的韩国电视剧《前男友是天才欺诈师~ 38师机动队~》为原作的本作品是认真的公务员和天才欺诈师交织的犯罪娱乐。在税务所工作的熊泽二郎被骗子冰室真琴骗了一大笔钱，故事由此展开。在好友刑警的帮助下找到了冰室的熊泽，为了自己的“某种复仇”和冰室联手。两人召集了一群流氓组成了欺诈师集团愤怒的squid，为了向隐藏逃税的大企业征收未缴纳的10亿日元而行动起来。内野饰演胆小的熊泽，冈田饰演头脑清晰、判断力敏捷的冰室。,剧情 / 犯罪,上田慎一郎,上田慎一郎 / 岩下悠子,上田慎一郎,120分钟,7.1,3.55,2526,https://www.douban.com/doubanapp/dispatch?uri=/movie/36901791
tt000195,刺猬索尼克3,刺猬索尼克3,2024,“超”音速的索尼克（本·施瓦茨 Ben Schwartz 配音）与“超”呆萌的塔尔斯（科琳·欧肖内希 Colleen O'Shaughnessey 配音）和“超”强壮的纳克鲁斯（伊德里斯·艾尔巴 Idris Elba 配音），三人小队再次踏上欢乐冒险！这一次他们将面对前所未有的劲敌——夏特（基努·里维斯 Keanu Reeves 配音），然而索尼克小队与强大的夏特实力相差悬殊，为了解决这个棘手的神秘敌人，索尼克找到了老对手蛋头博士（金·凯瑞 Jim Carrey 饰）联手阻止夏特，关于夏特的秘密也逐渐浮出水面，这场危机背后还有更狡猾的黑手。索尼克小队能否团结一致击败夏特并拯救世界？,喜剧 / 动作 / 科幻 / 动画,杰夫·福勒,帕特里克·凯西 / 乔什·米勒 / 约翰·惠廷顿,杰夫·福勒,111分钟,6.2,3.1,11041,https://www.douban.com/doubanapp/dispatch?uri=/movie/35771832
tt000196,极寒潜袭,极寒潜袭,2025,一艘俄罗斯导弹潜艇在格陵兰海执行秘密任务时失踪，不知所踪。北方舰队最年轻的司令维克托·沃罗宁前去搜寻，他的哥哥正是这艘失踪巡洋舰的指挥官。与此同时，由于极地站被毁，一头怪物出现在北方海域。,动作 / 科幻 / 悬疑,尼古拉·列别捷夫,阿列克赛·西多洛夫,尼古拉·列别捷夫,134分钟,5.9,2.95,1215,https://www.douban.com/doubanapp/dispatch?uri=/movie/37212933
tt000197,高尔夫球也疯狂2,高尔夫球也疯狂2,2025,续集将讲述他从一名弃将变成高尔夫球手的故事，他参加了一场高级高尔夫巡回赛。,喜剧 / 运动,凯尔·纽瓦切克,提姆·赫利希 / 亚当·桑德勒,凯尔·纽瓦切克,114分钟,6.3,3.15,1348,https://www.douban.com/doubanapp/dispatch?uri=/movie/36826096
tt000198,新干线惊爆倒数,新干线惊爆倒数,2025,"千万不能停下来……
新干线行控中心响起了一通紧急电话，来电者声称已在开往东京的隼60号列车上放置炸弹，更开出1000亿日元的天价赎金，否则列车时速低于100公里便会引爆，顿时将铁路人员推向与死神赛跑的危急边缘。隼60号于铁道上呼啸前进，最后会化险为夷，或者驶向毁灭？
影片翻拍自1975年的电影《新干线爆炸案》。",剧情 / 动作 / 惊悚 / 犯罪,樋口真嗣,中川和博 / 大庭功睦,樋口真嗣,134分钟,6.7,3.35,8734,https://www.douban.com/doubanapp/dispatch?uri=/movie/36802241
tt000199,熊猫计划,熊猫计划,2024,超萌超可爱的熊猫幼崽呼呼被国际功夫巨星Jackie（成龙 饰）认养，满心期待开启新生活。然而，呼呼独有的“大小眼”特别基因却被国际犯罪组织盯上了，组织首领不惜悬赏雇佣兵一亿美金发起了一场熊猫抢夺战。面对突如其来的危机，新晋奶爸Jackie怎能袖手旁观？他联手金牌经纪人（魏翔 饰）与熊猫保育员（史策 饰）全力展开营救！万万没想到……这群反派好像不太聪明，一场惊险刺激却又荒诞可笑的守“呼”行动就此开启。,喜剧 / 动作,张栾,孟易达 / 徐伟 / 张栾,张栾,99分钟,5.5,2.75,37462,https://www.douban.com/doubanapp/dispatch?uri=/movie/36441385
tt000200,电影版,外科医生大门未知子,2024,本片讲述了“不会失败的派遣外科医生”大门未知子是如何诞生的。大门未知子诞生的秘密，以及她壮烈的半生都将一一揭晓，可以说是系列剧的“第零集”。,剧情,田村直己,中园美保,田村直己,128分钟,7.0,3.5,1489,https://www.douban.com/doubanapp/dispatch?uri=/movie/36357969
tt000201,冲·撞,冲·撞,2025,号称“朝天门博尔特”的重庆街娃儿刘勇敢（李九霄 饰），召集三十个兄弟，组成一支叫“码头工”的屌丝橄榄球队，一路逆袭，最终打败勇士国际联队，夺得永恒碗冠军。一群莽汉，将生活中的蝇营狗苟化为球场上的洪荒之力，在冲冲撞撞中成为真正的兄弟伙！,喜剧 / 动作,蒋佳辰,吴涛,蒋佳辰,123分钟,6.2,3.1,4407,https://www.douban.com/doubanapp/dispatch?uri=/movie/35882074
tt000202,从那不勒斯到纽约,从那不勒斯到纽约,2024,1949年，饱受战争重创的意大利城市那不勒斯，孤儿卡明和塞莱斯蒂娜相依为命。登上一艘海军舰艇，两个孩子横跨大西洋，前往纽约寻找塞莱斯蒂娜失散已久的姐姐。但是来到陌生的国度，手中的地址没能指引亲人的方向，一场新的冒险又揭开帷幕。本片以费里尼尘封的剧本为底稿，却弱化了“费里尼式”的躁动和怪诞，取而代之的是温馨质朴，仿佛一出传统的意大利三幕歌剧。导演借由两个意大利孩子的眼睛，用新现实主义笔触浸泡童话滤镜，在战后的创伤褶皱中打捞希望的光尘，引领观众穿梭回七十多年前，置身于满是瓦砾的那不勒斯、小世界般的越洋航船和充满了新世界气息的纽约。,剧情,加布里埃莱·萨尔瓦托雷斯,费德里科·费里尼 / 图里奥·皮内利 / 加布里埃莱·萨尔瓦托雷斯,加布里埃莱·萨尔瓦托雷斯,124分钟,7.4,3.7,648,https://www.douban.com/doubanapp/dispatch?uri=/movie/36433440
tt000203,密探,密探,2025,1977年，在被军事独裁统治折磨的巴西，四十多岁的马塞洛逃离了他混乱的过去，来到累西腓，希望在这里建立新的生活并与家人重修旧好。然而，他并未料到死亡威胁如影随形，笼罩在他的头顶。,剧情 / 惊悚,小克莱伯·门多萨,小克莱伯·门多萨,小克莱伯·门多萨,158分钟,7.6,3.8,377,https://www.douban.com/doubanapp/dispatch?uri=/movie/36697078
tt000204,怒水西流,怒水西流,2025,"女子神秘失踪牵扯连环血案，变态“恶鬼”隐匿20年竟在身边？
养猪场兽医于娜（陈都灵 饰）夜行失踪下落不明，线索指向20年前犯下骇人听闻连环奸杀案的“恶鬼”，惨绝人寰的割耳手段令人毛骨悚然......新的受害者也陆续出现，7条无辜性命惨遭虐杀，然而真凶却人间蒸发？当年身陷此案的警察冯泰山（宁理 饰）决心揪出“恶鬼”，并寻找兽医于娜的踪迹，其养猪场雇主闫慧茹（刘敏涛 饰）一家，大儿子张晓军（王迅 饰）与小儿子张小伟（段博文 饰）行为怪异疑点重重，每个人似乎都有着不为人知的一面，调查逐渐陷入困境。凶手隐匿，极恶滔天，然而在真相背后，隐藏着一个更加血腥残忍的黑暗秘密……",悬疑 / 犯罪,冯勇沁,冯勇沁,冯勇沁,90分钟,4.9,2.45,18379,https://www.douban.com/doubanapp/dispatch?uri=/movie/30290253
tt000205,关只熊什么事,关只熊什么事,2025,"Weaving the thrills of murderous mayhem with sparkling characters and a surprising hint of tenderness, HOW TO MAKE A KILLING promises us an irresistible crime comedy in the vein of Fargo and Shallow Grave.",喜剧 / 惊悚 / 犯罪,弗朗克·迪博斯克,弗朗克·迪博斯克 / 莎拉·卡明斯基,弗朗克·迪博斯克,109分钟,6.5,3.25,773,https://www.douban.com/doubanapp/dispatch?uri=/movie/36741663
tt000206,独角兽之死,独角兽之死,2025,一位父亲（保罗-路德 Paul Rudd 饰）和女儿（珍娜-奥特加 Jenna Ortega 饰）在前往周末度假地的途中意外撞死了一只独角兽，而他的亿万富翁老板（理查德-E-格兰特 Richard E. Grant 饰）则想利用这只独角兽神奇的疗效。,喜剧 / 恐怖,亚历克斯·沙夫曼,亚历克斯·沙夫曼,亚历克斯·沙夫曼,104分钟,5.1,2.55,2968,https://www.douban.com/doubanapp/dispatch?uri=/movie/36341345
tt000207,普通的孩子,普通的孩子,2025,本片的主人公是上田唯士（岛田铁太 饰），10岁，小学四年级。他是个普通的男孩，喜欢小动物。然而，这个“普通的男孩”恋爱了！他的心动对象是三宅心爱（瑠璃 饰）——一位热衷环保的“环保少女”。为了接近心爱，唯士决定加入她热衷的环保活动。与此同时，班上的小小问题儿童桥本阳斗（味元耀大 饰）也意外加入。就这样，三人开启了一场环保行动，然而事情的发展却远远超出了他们的想象…,剧情 / 儿童,吴美保,高田亮,吴美保,97分钟,8.2,4.1,530,https://www.douban.com/doubanapp/dispatch?uri=/movie/36942731
tt000208,腥心眼,腥心眼,2025,情人节当天，西雅图的一对同事关系的男女被一名叫“腥心眼”的变态杀人狂追杀，两人在浪漫都市中逃脱穿行，努力生存的同时渐生爱意。。。,喜剧 / 悬疑 / 恐怖,乔什·鲁本,菲利普·墨菲 / 克里斯托弗·兰登 / 迈克尔·T·肯尼迪,乔什·鲁本,97分钟,5.6,2.8,4705,https://www.douban.com/doubanapp/dispatch?uri=/movie/36916001
tt000209,真爱营业,真爱营业,2025,"网红情侣博主徐小梨（郑合惠子 饰）和“雇佣男友”郝楂（左凌峰 饰）突遇一场掉粉危机，这对“假情侣”面对流量的骤减、老板的施压，徐小梨竟徒手策划假结婚大事件！没成想“未婚夫”郝楂深夜出逃，愤怒小梨直接暴走“追夫”。
这婚究竟能结不能结？营业情侣又会走向怎样的结局？",喜剧 / 爱情,吴雅文,孙语晨 / 吴雅文 / 郝瀚 / 刘富贵 / 王闵 /  / 更多...,吴雅文,99分钟,5.0,2.5,3818,https://www.douban.com/doubanapp/dispatch?uri=/movie/37096787
tt000210,胜券在握,胜券在握,2024,科技公司11号员工白胜（邓超 饰），不仅背负百万债务还惨遭公司裁员。已经没什么可以失去的他决定和公司斗一斗，如何才能在公司苟住100天并最终赢回属于自己的800万期权？ 第一步：重返公司。精心准备一个创业骗局，这一次，不做员工要当老板。 第二步：组建自己的团队。队友方方（邓家佳 饰）、哈雷（柯达 饰）、强尼（李乃文 饰）来相助，临时搭起的草台班子也能掀翻公司吗？ 第三步：披荆斩棘。负责裁员的张见（张本煜 饰）多番阻挠，还派来监事周望高（郑云龙 饰）时刻盯着白胜。笑面虎任远劳（喻恩泰 饰）怎么才能为白胜所用？催债的郝大哥（杨皓宇 饰）是阻力还是助力？ 第四步，暂时还没有思路......没关系，很多事装着装着就真成了。 吃瓜暂停，白胜究竟能否拿回800万？,剧情,刘循子墨,里八神 / 刘循子墨,刘循子墨,135分钟,6.0,3.0,110570,https://www.douban.com/doubanapp/dispatch?uri=/movie/36354086
tt000211,扯淡生命史,扯淡生命史,2024,菲洛梅娜·坎克深入探讨生活中的深刻问题，从宇宙大爆炸到人工智能等主题展开研究，与学者和创意人士交流，同时以她标志性的误导性观察进行解读。,喜剧,阿尔·坎贝尔,查理·布鲁克 / 本·考德尔 / 艾丽卡·埃勒 / 查理·乔琪 / 艾丽·戈德斯通 /  /  /  /  / 更多...,阿尔·坎贝尔,70分钟,7.7,3.85,3073,https://www.douban.com/doubanapp/dispatch?uri=/movie/37143090
tt000212,不能说的秘密,不能说的秘密,2025,宥俊(都敬秀饰)是一位在国外留学的优秀钢琴家，他为了治疗手腕回到家乡，成为韩国一所音乐学院的交换学生。有一天，宥俊在校园的旧练琴室偶遇了正在演奏神秘曲目的贞雅(元真儿饰)。随着他们相处的时间越来越长，爱情逐渐萌芽。然而，贞雅却一直保持距离，用她神秘的行为让宥俊感到困惑。当贞雅某天突然消失后，宥俊开始寻找她的下落，并发现了她的隐藏秘密…,爱情 / 音乐,徐宥敏,周杰伦,徐宥敏,103分钟,6.5,3.25,1711,https://www.douban.com/doubanapp/dispatch?uri=/movie/27007465
tt000213,年轻母亲之家,年轻母亲之家,2025,稚气未除，先成了母亲。抱着初生儿，谢西嘉欲见生母，想知当年被抛弃的原因；佩拉静待男友放监，他对亲生骨肉却视若无睹；雅丽安望寄养孩子继续求学，却遭酗酒母亲反对；朱莉与男友共建家庭前，须先彻底戒除毒瘾；奈玛与婴儿迁进新居，有望找到稳定工作。在庇护之家同一屋檐下，焦虑、恐惧、不安殊途同归，抉择却各有不同。戴丹兄弟的朴实镜头依然冷锐而不乏怜悯，五位年轻妈妈各有清晰轮廓，在社会泥沼中轻唱亦悲亦喜的摇篮曲，活出自己的人生。,剧情,让-皮埃尔·达内 / 吕克·达内,让-皮埃尔·达内 / 吕克·达内,让-皮埃尔·达内 吕克·达内,105分钟,7.0,3.5,843,https://www.douban.com/doubanapp/dispatch?uri=/movie/36779927
tt000214,财富流感,财富流感,2024,一种前所未有的新型病毒在富人中流传开来，被病毒感染的人全部先癫狂后死亡，一时间，社会动荡不安，恐惧在所有富豪之间弥漫，富有程度越高，死的速度越快！当“富有”成为了一种病毒，富人、中产、穷人们都将作何反应？作为社会精英阶层的女主又会作何选择，是把自己的财产拱手相送保全性命，还是誓死守护富裕可观的私人财产？,科幻 / 惊悚,加尔德·加兹特鲁·乌鲁蒂亚,大卫·德索拉 / 加尔德·加兹特鲁·乌鲁蒂亚 / 佩德罗·里韦罗 / 萨姆·斯坦纳,加尔德·加兹特鲁·乌鲁蒂亚,116分钟,4.8,2.4,6339,https://www.douban.com/doubanapp/dispatch?uri=/movie/35758802
tt000215,雄狗狗大冒险,雄狗狗大冒险,2025,一只普通的狗狗爱着邻居家的赛级犬，但有一天他发现，自己明早就要被送去阉掉了，那么，这最后一天他会做什么呢？,喜剧 / 动画,格恩迪·塔塔科夫斯基,格恩迪·塔塔科夫斯基 / 约翰·维蒂 / 斯蒂夫·格林伯格 / 里奇·卢弗兰诺,格恩迪·塔塔科夫斯基,87分钟,6.5,3.25,440,https://www.douban.com/doubanapp/dispatch?uri=/movie/35393280
tt000216,母爱食堂,母爱食堂,2025,"影片改编自真实故事，以真挚动人的风格向美食、家庭与人生的酸甜苦辣致敬。
为了纪念过世的妈妈，乔伊·斯卡拉维拉（文斯·沃恩 Vince Vaughn 饰）不惜赌上一切开了间意大利餐厅，还请了一群当地的阿嬷来掌厨。",喜剧,斯蒂芬·卓博斯基,Liz Maccie / Jody Scaravella,斯蒂芬·卓博斯基,111分钟,7.1,3.55,1749,https://www.douban.com/doubanapp/dispatch?uri=/movie/36478801
tt000217,危机航线,危机航线,2024,“这是航班HY688，我们遭遇劫机！劫匪要价35亿人民币！目前飞机处于失控状态，请求支援！！！”一架五星级超豪华A380客机在国际首航途中遭遇暴力劫机，整架飞机被杀意笼罩。机舱内，国际安保专家高皓军（刘德华 饰）正在和疯批悍匪团周旋，他的女儿小军（张子枫 饰）被绑为人质，性命岌岌可危。劫匪头目Mike（屈楚萧 饰）要价35亿人民币，全机乘客沦为他的筹码和玩具。女儿和前妻傅源（刘涛 饰）先后落入魔爪，暴躁杀神高晧军开启极限反杀模式，一场高空追杀就此展开。此时机舱内已是浓烟滚滚，坠机只是时间问题！全机乘客能否安全降落，这架摇摇欲坠的豪华客机究竟是最后的栖身之所还是坠入地狱的幽灵航班？,动作 / 犯罪 / 灾难,彭顺,白羽 / 陈迅,彭顺,119分钟,5.5,2.75,75578,https://www.douban.com/doubanapp/dispatch?uri=/movie/35497671
tt000218,天启Z：完结的起点,天启Z：完结的起点,2024,一种类似狂犬病的疾病在全球传播开来，将感染者变成极具攻击性的生物。马内尔带着他的猫躲在家中，凭借他的智慧生存下来。很快，他们将不得不外出觅食，寻找陆地和海上的安全之所。《天启Z：完结的起点》是一个身体和情感上的生存故事，伴随着刺激的打斗、紧张的气氛、疯狂的感染......以及一只脾气暴躁的猫。,科幻 / 惊悚,卡莱斯·托伦斯,安琪儿·阿古多 / Manel Loureiro,卡莱斯·托伦斯,118分钟,6.1,3.05,11716,https://www.douban.com/doubanapp/dispatch?uri=/movie/37061193
tt000219,我会好好的,我会好好的,2025,女孩赵小满（张子枫 饰）重复着打零工的生活，一只流浪狗（塔塔 饰）的闯入让她逐渐放下家庭伤痛，形影不离的朝夕相处温暖了同样孤独的两个灵魂。当告别无可避免，还要养它吗？小满选择用行动坦然做出回应——我要养，我们都会好好的。,剧情,董宏杰,薛晓路,董宏杰,124分钟,5.9,2.95,13895,https://www.douban.com/doubanapp/dispatch?uri=/movie/36166566
tt000220,幽灵杀手,幽灵杀手,2024,《幽灵杀手》是一部以生活压力大的女大学生文香为主角的作品。 有一天，文香在回家的路上捡到了一颗子弹，被杀手的鬼魂工藤附身。 据说被人杀死的工藤无法成佛。 当两人意识到当工藤继续前进时，他们的力量也会随之而来，他们开始为工藤报仇。,剧情 / 动作,园村健介,阪元裕吾,园村健介,104分钟,6.0,3.0,955,https://www.douban.com/doubanapp/dispatch?uri=/movie/37013958
